Case,EvidenceRole,SOC_Low_pct,SOC_High_pct,Samples,Frozen_RMSE_mV,K4StateAlpha1_RMSE_mV,ConditionalOracle_RMSE_mV,K4_RMSE_mV,ConditionalAlphaOracle,K4_AlphaMean,TotalCorrection_Cross_pct,TotalCorrection_Quadratic_pct,TotalCorrection_SSEChange_pct,TotalCorrection_Cosine,TotalCorrection_RMS_mV,StatePath_SSEChange_pct,StatePath_Cosine,StatePath_RMS_mV,AlphaLayerFromAlpha1_SSEChange_pct,AlphaLayerFromAlpha1_Cosine,AlphaLayerFromAlpha1_RMS_mV,AlphaMismatch_Cross_pct,AlphaMismatch_Quadratic_pct,AlphaMismatch_SSEChange_pct,AlphaMismatch_Cosine,AlphaMismatch_RMS_mV
EXT1_A_02p03_fast,FORMAL_NATIVE_CASE,20,25,880,9.3121508324059,9.33472939613417,6.2266631040469,9.25893323640664,1.17317171140326,1.00232685591827,-1.1496054322198,0.00990029814585042,-1.13970513407392,-0.577689767291519,0.0926561260793613,0.48551481863399,0.910178495277564,0.0248005323041985,-1.61736739433665,-0.705787452606434,0.107838890611375,-0.328295771171265,121.439712721439,121.111416950267,-0.0014895494562254,6.86176332388057
EXT1_A_02p03_fast,FORMAL_NATIVE_CASE,25,30,884,7.79796817918036,7.91261084408438,5.37965901564714,7.60414496801716,1.14620175191078,1.01204634934608,-5.19852434825649,0.289183600833173,-4.90934074742332,-0.48335170644261,0.419341929552199,2.96193515958658,0.752093135539123,0.15159278888024,-7.64484068292787,-0.62672982817972,0.508678465417582,1.7646620432308,98.0334026483805,99.7980646916113,0.00891137070488263,5.32649823737859
EXT1_A_02p03_fast,FORMAL_NATIVE_CASE,30,35,884,1.93219626516275,2.00885129881957,1.54890449397783,1.64466857247699,1.03248641641784,1.02071157210525,-38.0897271149287,10.5423831338492,-27.5473439810795,-0.586554630862721,0.627365505275146,8.09188828567226,0.120448121485061,0.364149230587905,-32.9712366320793,-0.608737906659499,0.816849926469705,3.69571074609739,9.05194161051478,12.7476523566122,0.0614182029474437,0.466010295674947
EXT1_A_02p03_fast,FORMAL_NATIVE_CASE,35,40,883,3.60699574751328,3.08453644856852,2.85802700710113,3.58217494834965,0.970397843274345,1.02523380844452,-5.44851968048929,4.07699604788357,-1.37152363260574,-0.134920637029271,0.728309165687663,-26.8711822583287,-0.933277942639198,0.567022235279615,34.869507552824,0.382694079652981,0.990058342413561,0.525164447431844,56.5693166210035,57.0944810684354,0.00349120101948156,2.14959574878968
EXT1_A_02p03_fast,FORMAL_NATIVE_CASE,40,45,880,4.55160504866472,3.83559993079014,3.38922110071623,4.49826434726142,0.954294052721875,1.02958335244731,-5.76956051829089,3.43947482731007,-2.33008569098083,-0.155548801710285,0.844132532519954,-28.9870648910129,-0.956413991104297,0.755270474080781,37.5382022431833,0.46714937995666,1.16338305712926,-0.0525781241326146,76.2056189131265,76.1530407889938,-0.000301149117229694,2.95864868184917
EXT1_A_02p03_fast,FORMAL_NATIVE_CASE,45,50,884,3.13394803281221,2.41664336063211,2.31664731069343,2.98588629855041,0.982440245080058,1.03033258974902,-16.806766256206,7.58107500772022,-9.22569124848579,-0.305202978488965,0.862893480059466,-40.5377216354988,-0.887178979075025,0.844137330205312,52.6586455282987,0.28941355211715,1.18858570293912,0.513727227927082,65.6080961305068,66.1218233584339,0.00317120173920884,1.8764570955744
EXT1_A_02p03_fast,FORMAL_NATIVE_CASE,50,55,884,1.08369738897395,1.39242478792167,0.855270867162901,0.885849103953022,1.02801904986883,1.0264249273541,-81.6290833934548,48.4486179939218,-33.180465399533,-0.586373354990741,0.754308017109852,65.0925356825934,0.0920559925693301,0.780238584000068,-59.5260110796686,-0.771981958064115,1.03819126032916,6.06148858376293,1.21687553271494,7.27836411647789,0.274742734466188,0.0943467096119143
EXT1_A_02p03_fast,FORMAL_NATIVE_CASE,55,60,884,0.897868714081644,1.47828277173347,0.901020506701544,0.974989041837191,1.02963684338699,1.01947839389298,-21.5222952422678,39.438581075472,17.9162858332042,-0.171355460463773,0.563862846884471,171.074929282012,0.905954075695788,0.615143684211039,-56.5004826726229,-0.802038988234353,0.772086455176672,-3.2654495809101,20.3582299329757,17.0927803520656,-0.0361862000121934,0.406541310638936
EXT1_A_02p03_fast,FORMAL_NATIVE_CASE,60,65,882,0.566171164567243,0.565773451292492,0.409966057239804,0.565738116759865,1.0097714853259,1.01915620018761,-95.2524092176788,95.0994935548362,-0.152915662842646,-0.488378876390955,0.552124283641598,-0.140442894502899,-0.462476946705279,0.522821145742564,-0.0124903100927732,-0.675901495262368,0.764761963839111,6.65912717779846,83.7707461287633,90.4298733065617,0.0363781929199648,0.375227010278758
EXT1_A_02p03_fast,FORMAL_NATIVE_CASE,65,70,881,2.3354993179679,1.79228102306267,1.57841017622881,2.3311688269809,0.97893813678781,1.02135561938152,-7.45395824501535,7.08346135401034,-0.370496891004998,-0.140034226083802,0.621587839067875,-41.1084854772731,-0.953942549710332,0.578266761374975,69.1746322308401,0.479376519954956,0.861363959769708,0.720674073952262,117.405463629069,118.126137703021,0.00332555970362628,1.71026743382496
EXT1_A_02p03_fast,FORMAL_NATIVE_CASE,70,75,884,2.48666109829051,1.90837388911021,1.70579324126496,2.48040866251573,0.978972825616626,1.02339592266383,-8.05866718294727,7.55642140059196,-0.502245782355323,-0.146580142571447,0.683556921024883,-41.1029244425141,-0.916379052644659,0.650537666939762,68.9349654050836,0.440509770268359,0.953009571416954,-0.95894621507913,112.40213519136,111.443188976281,-0.00452248331321369,1.80847983190922
EXT1_A_02p03_fast,FORMAL_NATIVE_CASE,75,79.994100197765,884,4.36347932876101,4.66633791166344,3.9779471629231,4.15540712463991,1.0582887929349,1.02742445303151,-13.4572028082212,4.14760216035267,-9.3096006478686,-0.33038951458431,0.888651480821035,14.3632592901765,0.429373337188865,0.625436323327608,-20.699707305455,-0.542919854542694,1.15103833426565,-1.43581131607611,10.5570128870298,9.1212015709537,-0.0220951447114559,1.29249697747318
EXT1_B_03p04_fast,FORMAL_NATIVE_CASE,20,25,586,8.01798682809474,7.94002425512252,5.03087497165171,8.2217852026326,1.10823209595564,0.994307233045157,4.98761430954824,0.160521169689037,5.14813547923725,0.622438874508594,0.32124138992079,-1.93523740214841,-0.952327227382736,0.0819066077556284,7.22315813931399,0.746965501188412,0.372220143464029,1.82755461740136,165.254804944854,167.082359562256,0.00710826027248924,6.46726374074601
EXT1_B_03p04_fast,FORMAL_NATIVE_CASE,25,30,591,7.72568331230987,7.66036510131843,4.69215900192313,7.64432255120926,1.10796613549072,1.00134708229401,-2.22980805476255,0.134657519377946,-2.09515053538458,-0.303824071525866,0.283499440841153,-1.68378862932483,-0.856824738455513,0.0763509314097111,-0.418406995473842,-0.0732229052477056,0.298048237913415,2.59026532117892,162.82907566009,165.419340981269,0.0101495848074509,5.98740587655205
EXT1_B_03p04_fast,FORMAL_NATIVE_CASE,30,35,586,3.22889178300406,3.36970192001322,1.71374093912143,2.69559886968647,1.05196182254939,1.01580389358311,-35.7707706827039,5.46608027558533,-30.3046904071185,-0.764997998205305,0.754903593212463,8.91206467939374,0.613242363965415,0.222159726152491,-36.0077234803649,-0.810038620146065,0.896008405549567,7.70463038365372,139.707043743325,147.411674126979,0.032592123844887,2.02560296041241
EXT1_B_03p04_fast,FORMAL_NATIVE_CASE,35,40,591,2.05018011646481,1.83826891374958,1.73408018917205,1.87758293860784,1.01100735088686,1.02256029225991,-36.9852903914168,20.8567548112439,-16.1285355801729,-0.40492600563032,0.936300779745252,-19.6040721633913,-0.501257828543602,0.545904035655726,4.32302565160005,-0.309061906767677,1.25287745656684,3.37729760789771,13.8584094446095,17.2357070525072,0.0453610023390595,0.64554403262719
EXT1_B_03p04_fast,FORMAL_NATIVE_CASE,40,45,587,3.54744897304479,2.78047952571266,2.59848379457026,3.55083166404541,0.982202034458613,1.02568873155171,-7.65637308756787,7.84717520023367,0.190802112665828,-0.136658427116673,0.993740138087201,-38.5662411714749,-0.912171932745663,0.86573287085469,63.0875336674744,0.35725412032142,1.42824416073701,0.170117448717368,86.5624818507127,86.7325992994301,0.000914226941402251,2.4176023132052
EXT1_B_03p04_fast,FORMAL_NATIVE_CASE,45,50,590,3.76540327956255,2.83627747427191,2.49372586391642,3.62954262594042,0.975557993085712,1.02315277997375,-12.5787068733176,5.49263247080941,-7.08607440250815,-0.268358731926853,0.88247369059629,-43.2619457040818,-0.957640686753852,0.985073884547805,63.7594498974143,0.47815472507867,1.28358046264774,0.33820089999974,111.501026146105,111.839227046105,0.00160142030654705,2.6332260434103
EXT1_B_03p04_fast,FORMAL_NATIVE_CASE,50,55,587,2.50555727365662,1.69309711871838,1.5312013816191,2.29575690904038,0.987012322227588,1.01767665086212,-23.5573133282722,7.51164927338976,-16.0456640548824,-0.429762098560394,0.686707808287167,-54.3379850266596,-0.956293374923767,0.869677694568687,83.8603399217795,0.42940049817097,0.985430415376451,0.556377001902119,124.238896382932,124.795273384834,0.00249580345636709,1.70671539026893
EXT1_B_03p04_fast,FORMAL_NATIVE_CASE,55,60,590,1.49603465006142,0.867756989232491,0.828518647342015,1.41222972696959,0.995378768907384,1.01592043892074,-27.5141962508123,16.6243910603637,-10.8898051904486,-0.337406901631472,0.609978497190969,-66.3555885305266,-0.932230001299486,0.716469474830105,164.858830686944,0.29247157713971,0.888922740963499,-1.06571005090789,191.60583776011,190.540127709202,-0.00384950331207708,1.14685009760464
EXT1_B_03p04_fast,FORMAL_NATIVE_CASE,60,65,587,0.821811682440871,0.500218343056546,0.434346164244408,0.864999871824464,1.00438550343512,1.01761512380102,-57.276421186974,68.0630800231346,10.7866588361606,-0.347128346278869,0.677997526915371,-62.9511608089692,-0.793956271848886,0.676511974730538,199.028690925844,-0.497322258952104,0.997029537050907,-0.767146752455442,297.37390016318,296.606753410724,-0.00222431879124586,0.749009653321644
EXT1_B_03p04_fast,FORMAL_NATIVE_CASE,65,70,590,2.11899520102707,1.4537726436151,1.35804211793304,2.13156661560232,0.990865823962108,1.01959340836318,-11.6505980630954,12.8406626690233,1.19006460592793,-0.162564048166108,0.75931799383984,-52.9312095449221,-0.913248691031471,0.765470660795924,114.983354421446,0.367113377527591,1.11401308087069,1.84444121293177,144.516208639863,146.360649852795,0.00767143381161809,1.63256889958392
EXT1_B_03p04_fast,FORMAL_NATIVE_CASE,70,75,587,2.51637090884471,1.79043373468056,1.65931688462837,2.55218445437382,0.98834961663532,1.02209247578017,-8.76626147717625,11.6329611787194,2.86669970154311,-0.128510698889752,0.858261823765219,-49.3747486324837,-0.87703097690241,0.886293897835883,103.192471983552,0.367321603025972,1.276376315434,-1.35339818798359,137.926548480794,136.573150292811,-0.00576197886319201,1.94873715980845
EXT1_B_03p04_fast,FORMAL_NATIVE_CASE,75,79.9907832046227,590,6.35485873594245,6.76439945798668,5.58466462879109,6.0318034685979,1.0645559475825,1.02483146293674,-12.8981423888413,2.98938217672668,-9.90876021211458,-0.372997955152694,1.0987442652816,13.3043778048823,0.450433285348851,0.820823959301053,-20.4874149319909,-0.579735905428776,1.47121281610821,-1.02450527224483,17.6786488264818,16.654143554237,-0.0121831521383494,2.34812727073556
EXT1_C_02p08_fast_sensitivity,SENSITIVITY_ONLY,20,25,883,9.90518729947162,9.81232034706386,8.6335961400355,10.2047992856484,1.0565328746958,0.990920131226209,5.50214067095231,0.638950998628242,6.14109166958048,0.34416596273647,0.791765307941766,-1.8663273794612,-0.943551182759531,0.0984802655756562,8.15970587384882,0.447236440184579,0.818740083724349,0.302052370552373,39.407298675239,39.7093510457913,0.00240582437154549,5.41976008584182
EXT1_C_02p08_fast_sensitivity,SENSITIVITY_ONLY,25,30,881,8.18157882023548,8.08826671267419,7.07111126189876,8.15147728835831,1.04806356161605,0.999538290718792,-1.0050276566605,0.270544545177755,-0.734483111482735,-0.0966114557915016,0.425555795744865,-2.26802162411486,-0.963428911981385,0.0968974286437257,1.56912664423308,0.120466971216418,0.431304689459115,1.07635111647464,31.8151796699245,32.8915307863992,0.00954128305316576,3.98845651001615
EXT1_C_02p08_fast_sensitivity,SENSITIVITY_ONLY,30,35,883,2.88998694247034,2.89274874908296,1.95923918981813,2.3249726418501,1.02627306153531,1.01151282069122,-45.2909761757378,10.0117844954059,-35.2791916803319,-0.715691631767285,0.914432445132863,0.191220674928465,0.00447897143012409,0.114092633520997,-35.402715044609,-0.704744969106107,0.94613156794974,2.95475665700372,37.8640875104266,40.8188441674304,0.0240092158749442,1.2055943577939
EXT1_C_02p08_fast_sensitivity,SENSITIVITY_ONLY,35,40,884,4.12640350550005,3.90508169124116,3.75428334351174,3.77825911961129,1.01330394276723,1.01726741815148,-26.4740944686002,10.3119364902285,-16.1621579783716,-0.412212354319075,1.32507911366008,-10.4394278567978,-0.726674361821523,0.312705579808932,-6.38978736359961,-0.268380824239522,1.40016515487572,0.451868994908808,0.829458571397296,1.28132756630616,0.0248076255392116,0.341919914575073
EXT1_C_02p08_fast_sensitivity,SENSITIVITY_ONLY,40,45,883,4.93941646192197,4.53867901475184,4.4889269896113,4.62719806983002,1.00830438696375,1.02210140756829,-23.8341561238344,11.5917870415431,-12.2423690822913,-0.350021391678211,1.68170897426631,-15.5678886581546,-0.802774562179258,0.511995393951037,3.93869053256183,-0.146789597939347,1.78659614195168,0.0524377797408376,6.20298325878596,6.2554210385268,0.00105272271707228,1.11800268454631
EXT1_C_02p08_fast_sensitivity,SENSITIVITY_ONLY,45,50,881,3.63257703712677,3.26539935986529,3.11072757178348,3.21053550372383,1.01231196266521,1.02191659401786,-42.8116215086586,20.9249757835518,-21.8866457251068,-0.467949728398286,1.66167970378808,-19.1941245074206,-0.662105241671761,0.601830416153726,-3.33208594210877,-0.301588286053444,1.76873762522525,0.274493179648787,6.2454673224062,6.51996050205494,0.00549185537895215,0.77739984329569
EXT1_C_02p08_fast_sensitivity,SENSITIVITY_ONLY,50,55,883,1.78209899865572,1.96360302204204,1.43990164706834,1.43606837419631,1.01653851764859,1.01793148898586,-93.7236446682644,58.6598017867241,-35.0638428815403,-0.611855513113783,1.36490404788277,21.4070010015488,0.193855373217626,0.548515510695929,-46.5136634767617,-0.684331321530236,1.45435877780625,-2.24533114843534,1.71360449132399,-0.53172665711136,-0.0857620413220137,0.188489917509463
EXT1_C_02p08_fast_sensitivity,SENSITIVITY_ONLY,55,60,884,0.987318125152808,1.36699521717801,1.23371431486495,1.2774455905875,1.00722531766919,1.0117274860373,-15.7504670950361,83.1563067272316,67.4058396321956,-0.0863606387437253,0.900336187224061,91.698966034883,0.905144587989599,0.407302117212647,-12.6725390883261,-0.440977320432839,0.958588952511099,-2.07164953855451,9.2866656869322,7.21501614837769,-0.0339904086674483,0.375962483432233
EXT1_C_02p08_fast_sensitivity,SENSITIVITY_ONLY,60,65,883,0.689109469157342,0.592942152575873,0.563193514288775,1.00327677986549,1.00225604740596,1.01225937494889,-75.7581783368686,187.723632763866,111.965454426998,-0.276464932756724,0.944164555292539,-25.9631017209105,-0.509685620466548,0.342834077450587,186.297048301474,-0.303989064348027,1.00938797687785,3.18177128208671,214.159262479835,217.341033761921,0.0108710259073694,0.824187599813724
EXT1_C_02p08_fast_sensitivity,SENSITIVITY_ONLY,65,70,882,2.53703812945049,2.17125500490847,2.15267868080095,2.60650597971023,0.996582292476198,1.01423123653972,-13.4265650808971,18.9778349338516,5.55126985295447,-0.154103177329655,1.10522405014777,-26.7567382728923,-0.941810791901308,0.392646146260459,44.1105534680052,0.133044791390393,1.18183090374812,0.293885753575777,46.3145741739085,46.6084599274842,0.00215918423356651,1.46500142618379
EXT1_C_02p08_fast_sensitivity,SENSITIVITY_ONLY,70,75,882,2.44156883401862,2.06827173918476,2.04341174456949,2.62402656005914,0.99618709008484,1.01581722459448,-9.89199164791127,25.3963861747799,15.5043945268686,-0.0981449106989025,1.23042439704328,-28.2408558612329,-0.844648037507136,0.459321531735251,60.9612209191172,0.154372261988152,1.32683575240149,-0.0244096440707044,64.9259387669934,64.9015291229227,-0.000151468502658126,1.64651239364987
EXT1_C_02p08_fast_sensitivity,SENSITIVITY_ONLY,75,78.0735292850998,542,2.11309540402012,2.48492636272386,2.48028548212634,2.97396916216466,0.99823216774415,1.01736039109477,55.5634604483776,42.513841122763,98.0773015711405,0.426082911927497,1.37779396472135,38.2893821394305,0.690866175496982,0.499954256911916,43.2339189797151,0.0593645620273112,1.49303050403483,-0.20175294196815,43.9721854902494,43.7704325482812,-0.00152125092397168,1.64471516517941
