Case,Label,bI_mA,bV_mV,V1_GateFraction,V1_FinalUpdates,V1_FinalAlpha,V1_AdaptiveRMSE_mV,K4_GateFraction,K4_FinalUpdates,K4_FinalAlpha,K4_AdaptiveRMSE_mV,V1_DeltaAlpha,K4_DeltaAlpha,V1_UpdateDelta,K4_UpdateDelta,V1_GateDelta,K4_GateDelta,AbsDeltaAlphaAmplification_K4_over_V1
EXT1_A_02p03_fast,BASELINE,0,0,0.998928494892492,76,1.02180740717891,4.29349455485439,0.998928494892492,76,1.02969164706268,4.27125106816694,0,0,0,0,0,0,0
EXT1_A_02p03_fast,bI_m10mA,-10,0,0.998928494892492,75,1.02205535577244,4.40453776683787,0.998928494892492,75,1.03354999551589,4.38161579659473,0.000247948593532721,0.00385834845320998,-1,-1,0,0,15.5610822317522
EXT1_A_02p03_fast,bI_p10mA,10,0,0.998928494892492,75,1.02159500577831,4.24541645575742,0.998928494892492,75,1.02553510773724,4.22596596502692,-0.000212401400591089,-0.00415653932543991,-1,-1,0,0,19.5692651454874
EXT1_A_02p03_fast,bI_m20mA,-20,0,0.998928494892492,74,1.02204411896998,4.57540562090377,0.998928494892492,74,1.03444723530677,4.5523389887588,0.000236711791071986,0.00475558824408995,-2,-2,0,0,20.0902043052166
EXT1_A_02p03_fast,bI_p20mA,20,0,0.998928494892492,74,1.02110343672377,4.26666493376419,0.998928494892492,74,1.02186486859947,4.24671290374881,-0.000703970455132374,-0.00782677846321,-2,-2,0,0,11.1180496370949
EXT1_A_02p03_fast,bV_m5mV,0,-5,0.998928494892492,76,1.02180740717891,3.82176954591601,0.998928494892492,76,1.02969164706268,3.80149235491619,1.55431223447522e-15,0,0,0,0,0,0
EXT1_A_02p03_fast,bV_p5mV,0,5,0.998928494892492,76,1.02180740717891,4.83535028701377,0.998928494892492,76,1.02969164706268,4.81099993445756,0,0,0,0,0,0,0
EXT1_A_02p03_fast,bV_m10mV,0,-10,0.998928494892492,76,1.02180740717891,3.41600840457424,0.998928494892492,76,1.02969164706268,3.39723196248261,1.77635683940025e-15,0,0,0,0,0,0
EXT1_A_02p03_fast,bV_p10mV,0,10,0.998928494892492,76,1.02180740717891,5.44926670879376,0.998928494892492,76,1.02969164706268,5.42286320782022,4.44089209850063e-16,0,0,0,0,0,0
EXT1_B_03p04_fast,BASELINE,0,0,0.998385360602799,50,1.01779798643308,4.32894590780765,0.998385360602799,50,1.02663524111664,4.26305885937103,0,0,0,0,0,0,0
EXT1_B_03p04_fast,bI_m10mA,-10,0,0.998385360602799,50,1.01802001700978,4.4391870163688,0.998385360602799,50,1.02877800239722,4.37192968768419,0.000222030576694454,0.00214276128058,0,0,0,0,9.65074861526277
EXT1_B_03p04_fast,bI_p10mA,10,0,0.998385360602799,50,1.01752895982365,4.28081361273191,0.998385360602799,50,1.02425737383227,4.21768261423806,-0.00026902660943251,-0.00237786728436995,0,0,0,0,8.83878100157404
EXT1_B_03p04_fast,bI_m20mA,-20,0,0.998385360602799,50,1.01833499712587,4.60777404913626,0.998385360602799,50,1.03062994332085,4.54091649207794,0.000537010692790441,0.00399470220420994,0,0,0,0,7.4387759086369
EXT1_B_03p04_fast,bI_p20mA,20,0,0.998385360602799,49,1.01716753011585,4.29966446326872,0.998385360602799,49,1.02243136672089,4.23810253224372,-0.000630456317237238,-0.00420387439574998,-1,-1,0,0,6.6679867911738
EXT1_B_03p04_fast,bV_m5mV,0,-5,0.998385360602799,50,1.01779798643308,3.69985761842802,0.998385360602799,50,1.02663524111664,3.63649076883247,4.44089209850063e-16,0,0,0,0,0,0
EXT1_B_03p04_fast,bV_p5mV,0,5,0.998385360602799,50,1.01779798643308,5.03633332615876,0.998385360602799,50,1.02663524111664,4.96875450110162,0,0,0,0,0,0,0
EXT1_B_03p04_fast,bV_m10mV,0,-10,0.998385360602799,50,1.01779798643308,3.16270946240958,0.998385360602799,50,1.02663524111664,3.1029921584408,-6.66133814775094e-16,0,0,0,0,0,0
EXT1_B_03p04_fast,bV_p10mV,0,10,0.998385360602799,50,1.01779798643308,5.81081142312976,0.998385360602799,50,1.02663524111664,5.74177877093036,-8.88178419700125e-16,0,0,0,0,0,0
