Case,SOC_Low_pct,SOC_High_pct,Windows,MeanShadowAlpha,MeanEKFConditionalOracle,MeanShadowMinusOracle,MedianShadowMinusOracle,FractionShadowAboveOracle
EXT1_A_02p03_fast,20,40,25,1.01771176359844,1.08172335825785,-0.0640115946594147,-0.0624143216204545,0.36
EXT1_A_02p03_fast,40,55,19,1.0280041548979,0.987505260948779,0.0404988939491245,0.0494435095824779,0.789473684210526
EXT1_A_02p03_fast,55,65,13,1.01921907023607,1.0194936766463,-0.000274606410229139,-8.79909799682554e-05,0.461538461538462
EXT1_A_02p03_fast,65,80,19,1.02532615868607,1.00810494092999,0.0172212177560776,0.0347598460249159,0.736842105263158
EXT1_B_03p04_fast,20,40,17,1.01322763256341,1.0689746184824,-0.0557469859189899,-0.0585318090866751,0.235294117647059
EXT1_B_03p04_fast,40,55,12,1.02027922702595,0.981126849717635,0.0391523773083173,0.0408214325617826,1
EXT1_B_03p04_fast,55,65,9,1.01770388290045,0.999429499666179,0.0182743832342667,0.0162002986534342,1
EXT1_B_03p04_fast,65,80,12,1.02372543192931,1.00860763511592,0.0151177968133855,0.0258730955658372,0.75
EXT1_C_02p08_fast_sensitivity,20,40,25,1.00755664812101,1.03634997767698,-0.0287933295559721,-0.0244441896033141,0.2
EXT1_C_02p08_fast_sensitivity,40,55,19,1.01982037648943,1.01226469102494,0.00755568546448929,0.00916750781935982,0.736842105263158
EXT1_C_02p08_fast_sensitivity,55,65,13,1.01208540353063,1.00476383672654,0.00732156680409385,0.00796234000419438,0.923076923076923
EXT1_C_02p08_fast_sensitivity,65,80,16,1.01651962413902,0.9966894428316,0.0198301813074245,0.0202723630170433,1
