Case,Memory,bI_mA,BaselineAlpha,FullBiasAlpha,R0OnlyBiasAlpha,AllExceptR0BiasAlpha,FullDeltaAlpha,R0OnlyDeltaAlpha,AllExceptR0DeltaAlpha,NonadditiveInteraction,ResidualFractionWithoutR0,AbsSensitivityReductionWhenR0IndexProtected_pct,BaselineUpdates,FullBiasUpdates,AllExceptR0Updates,FullUpdateDelta,AllExceptR0UpdateDelta
EXT1_A_02p03_fast,V1_INF,-20,1.02180740717891,1.0220440400738,1.02205997631585,1.02188078503722,0.000236632894889954,0.00025256913693994,7.33778583099642e-05,-8.93141003599496e-05,0.310091537966809,68.9908462033191,76,74,74,-2,-2
EXT1_A_02p03_fast,V1_INF,-10,1.02180740717891,1.02205525238416,1.02200696753065,1.02187032902311,0.000247845205249897,0.000199560351739958,6.29218441998702e-05,-1.46369906899313e-05,0.253875575831405,74.6124424168596,76,75,75,-1,-1
EXT1_A_02p03_fast,V1_INF,10,1.02180740717891,1.0215952594588,1.0214502552309,1.02183296126262,-0.000212147720110023,-0.000357151948010115,2.55540837099666e-05,0.000119450144190125,0.120454199068054,87.9545800931946,76,75,75,-1,-1
EXT1_A_02p03_fast,V1_INF,20,1.02180740717891,1.02110355655139,1.02093956187621,1.0213555390153,-0.000703850627520097,-0.00086784530270001,-0.000451868163610092,0.000615862838790004,0.641994403275842,35.8005596724158,76,74,74,-2,-2
EXT1_A_02p03_fast,K4,-20,1.02969164706268,1.03444751666084,1.03676475041779,1.0292906082327,0.00475586959815999,0.00707310335510991,-0.000401038829979994,-0.00191619492696993,0.0843250265177903,91.567497348221,76,74,74,-2,-2
EXT1_A_02p03_fast,K4,-10,1.02969164706268,1.0335501555386,1.03420381180972,1.0296588056382,0.00385850847591995,0.00451216474704008,-3.28414244801234e-05,-0.000620814846640005,0.00851142991782421,99.1488570082176,76,75,75,-1,-1
EXT1_A_02p03_fast,K4,10,1.02969164706268,1.02553489225424,1.02310367462801,1.02998502390394,-0.00415675480844002,-0.00658797243467002,0.000293376841260073,0.00213784078496992,0.0705783368950198,92.942166310498,76,75,75,-1,-1
EXT1_A_02p03_fast,K4,20,1.02969164706268,1.02186447460595,1.01575060048072,1.02879721733166,-0.00782717245673004,-0.01394104658196,-0.000894429731020052,0.00700830385625006,0.114272393506674,88.5727606493326,76,74,74,-2,-2
EXT1_B_03p04_fast,V1_INF,-20,1.01779798643309,1.01833484800671,1.01798007714228,1.01805234776999,0.000536861573620095,0.000182090709190064,0.000254361336900155,0.000100409527529877,0.473793151528761,52.6206848471239,50,50,50,0,0
EXT1_B_03p04_fast,V1_INF,-10,1.01779798643309,1.01801989597491,1.01792207330066,1.01787808115999,0.000221909541820109,0.000124086867570039,8.00947268999597e-05,1.77279473501102e-05,0.360934127676621,63.9065872323379,50,50,50,0,0
EXT1_B_03p04_fast,V1_INF,10,1.01779798643309,1.01752907856467,1.0176037951194,1.01769529114242,-0.000268907868419932,-0.000194191313690029,-0.000102695290669974,2.79787359400707e-05,0.381897678462882,61.8102321537118,50,50,50,0,0
EXT1_B_03p04_fast,V1_INF,20,1.01779798643309,1.01716763362253,1.01734024148898,1.01732245042812,-0.000630352810560009,-0.000457744944109884,-0.000475536004969968,0.000302928138519842,0.754396580777515,24.5603419222485,50,49,49,-1,-1
EXT1_B_03p04_fast,K4,-20,1.02663524111664,1.03063027165818,1.03029009692022,1.02642973788783,0.00399503054154016,0.00365485580358005,-0.000205503228809967,0.000545677966770075,0.0514397140830722,94.8560285916928,50,50,50,0,0
EXT1_B_03p04_fast,K4,-10,1.02663524111664,1.02877815704079,1.02872603576061,1.02653798778625,0.00214291592414995,0.00209079464397011,-9.72533303900125e-05,0.000149374610569852,0.045383642584387,95.4616357415613,50,50,50,0,0
EXT1_B_03p04_fast,K4,10,1.02663524111664,1.02425718580573,1.02396502529882,1.02673458712144,-0.00237805531090984,-0.00267021581782001,9.93460047999939e-05,0.000192814502110172,0.0417761539625351,95.8223846037465,50,50,50,0,0
EXT1_B_03p04_fast,K4,20,1.02663524111664,1.02243102540831,1.02073951976326,1.02592577462876,-0.00420421570832996,-0.0058957213533799,-0.000709466487879951,0.00240097213292989,0.168751209999587,83.1248790000413,50,49,49,-1,-1
