Case,EvidenceRole,SOC_Low_pct,SOC_High_pct,Samples,Frozen_RMSE_mV,V1_RMSE_mV,K4_RMSE_mV,K4_vs_Frozen_pct,K4_vs_V1_pct,K4_SSE_Reduction_vs_Frozen_pct,K4_AlphaMean,K4_AlphaMin,K4_AlphaMax,K4_Updates,Direction
EXT1_A_02p03_fast,FORMAL_NATIVE_CASE,20,25,880,9.3121508324059,9.26331925360665,9.25893323640664,-0.571485545681592,-0.0473482245395229,1.13970513407392,1.00232685591827,1,1.00541619197897,6,IMPROVED
EXT1_A_02p03_fast,FORMAL_NATIVE_CASE,25,30,884,7.79796817918036,7.69466530070149,7.60414496801716,-2.48556042689027,-1.17640376997394,4.90934074742332,1.01204634934608,1.00541619197897,1.0185899132369,6,IMPROVED
EXT1_A_02p03_fast,FORMAL_NATIVE_CASE,30,35,884,1.93219626516275,1.76150478719646,1.64466857247699,-14.880874053524,-6.6327503375917,27.5473439810795,1.02071157210525,1.0185899132369,1.02261857311344,6,IMPROVED
EXT1_A_02p03_fast,FORMAL_NATIVE_CASE,35,40,883,3.60699574751328,3.58202242809195,3.58217494834965,-0.688129426843307,0.00425793698280747,1.37152363260574,1.02523380844452,1.02261857311344,1.02762180946599,7,IMPROVED
EXT1_A_02p03_fast,FORMAL_NATIVE_CASE,40,45,880,4.55160504866472,4.50724113005746,4.49826434726142,-1.17190970730074,-0.199163580048403,2.33008569098083,1.02958335244731,1.02762180946599,1.03110412009645,6,IMPROVED
EXT1_A_02p03_fast,FORMAL_NATIVE_CASE,45,50,884,3.13394803281221,3.0350510787083,2.98588629855041,-4.72444765234147,-1.61989959585193,9.22569124848579,1.03033258974902,1.02916205291924,1.03110412009645,6,IMPROVED
EXT1_A_02p03_fast,FORMAL_NATIVE_CASE,50,55,884,1.08369738897395,0.865298672927354,0.885849103953022,-18.2567834004148,2.37495233364269,33.180465399533,1.0264249273541,1.02238488728406,1.02916205291924,7,IMPROVED
EXT1_A_02p03_fast,FORMAL_NATIVE_CASE,55,60,884,0.897868714081644,0.890130042084485,0.974989041837191,8.58926550686499,9.53332611423659,-17.9162858332042,1.01947839389298,1.01813634352924,1.02238488728406,6,DEGRADED
EXT1_A_02p03_fast,FORMAL_NATIVE_CASE,60,65,882,0.566171164567243,0.587291614012986,0.565738116759865,-0.076487082790486,-3.6699821245268,0.152915662842646,1.01915620018761,1.01831891575782,1.02017815518405,6,IMPROVED
EXT1_A_02p03_fast,FORMAL_NATIVE_CASE,65,70,881,2.3354993179679,2.30839229076982,2.3311688269809,-0.185420349031688,0.986683948917412,0.370496891004998,1.02135561938152,1.02017815518405,1.02247225856884,7,IMPROVED
EXT1_A_02p03_fast,FORMAL_NATIVE_CASE,70,75,884,2.48666109829051,2.44452071862398,2.48040866251573,-0.251438999028834,1.46809735005823,0.502245782355323,1.02339592266383,1.02247225856884,1.02484974021033,6,IMPROVED
EXT1_A_02p03_fast,FORMAL_NATIVE_CASE,75,79.994100197765,884,4.36347932876101,4.2146105386635,4.15540712463991,-4.76849294895547,-1.404718501994,9.3096006478686,1.02742445303151,1.02484974021033,1.0298344654173,6,IMPROVED
EXT1_B_03p04_fast,FORMAL_NATIVE_CASE,20,25,586,8.01798682809474,8.2217852026312,8.2217852026326,2.54176489569371,1.70683357511833e-11,-5.14813547923725,0.994307233045157,0.991551915439826,1,4,DEGRADED
EXT1_B_03p04_fast,FORMAL_NATIVE_CASE,25,30,591,7.72568331230987,7.74633083184363,7.64432255120926,-1.0531205824987,-1.31685933442232,2.09515053538458,1.00134708229401,0.994554902601832,1.01053681622226,4,IMPROVED
EXT1_B_03p04_fast,FORMAL_NATIVE_CASE,30,35,586,3.22889178300406,3.02411741864656,2.69559886968647,-16.5162832686029,-10.8632868199646,30.3046904071185,1.01580389358311,1.01053681622226,1.01962375063774,4,IMPROVED
EXT1_B_03p04_fast,FORMAL_NATIVE_CASE,35,40,591,2.05018011646481,1.96021017721228,1.87758293860784,-8.4186348541216,-4.21522342680372,16.1285355801729,1.02256029225991,1.01962375063774,1.02455099156288,4,IMPROVED
EXT1_B_03p04_fast,FORMAL_NATIVE_CASE,40,45,587,3.54744897304479,3.57812956048959,3.55083166404541,0.0953555928874403,-0.762909670616997,-0.190802112665828,1.02568873155171,1.02455099156288,1.02604058652107,5,DEGRADED
EXT1_B_03p04_fast,FORMAL_NATIVE_CASE,45,50,590,3.76540327956255,3.76198095805414,3.62954262594042,-3.60813021966435,-3.5204413204213,7.08607440250815,1.02315277997375,1.01985240699252,1.02514751561845,4,IMPROVED
EXT1_B_03p04_fast,FORMAL_NATIVE_CASE,50,55,587,2.50555727365662,2.48033230490242,2.29575690904038,-8.3734012717281,-7.44155916113437,16.0456640548824,1.01767665086212,1.01580893297375,1.01985240699252,4,IMPROVED
EXT1_B_03p04_fast,FORMAL_NATIVE_CASE,55,60,590,1.49603465006142,1.51823136854835,1.41222972696959,-5.60180361386593,-6.98191618054322,10.8898051904486,1.01592043892074,1.01554423297274,1.01673089543032,4,IMPROVED
EXT1_B_03p04_fast,FORMAL_NATIVE_CASE,60,65,587,0.821811682440871,0.846957166584839,0.864999871824464,5.25524159687279,2.13029725132123,-10.7866588361606,1.01761512380102,1.01673089543032,1.01817012354445,4,DEGRADED
EXT1_B_03p04_fast,FORMAL_NATIVE_CASE,65,70,590,2.11899520102707,2.08484889884623,2.13156661560232,0.593272442011709,2.24082027152886,-1.19006460592793,1.01959340836318,1.01817012354445,1.02120035037684,5,DEGRADED
EXT1_B_03p04_fast,FORMAL_NATIVE_CASE,70,75,587,2.51637090884471,2.47820864504416,2.55218445437382,1.42322204581312,2.9850517016634,-2.86669970154311,1.02209247578017,1.02120035037684,1.02331731862618,4,DEGRADED
EXT1_B_03p04_fast,FORMAL_NATIVE_CASE,75,79.9907832046227,590,6.35485873594245,6.13512367928047,6.0318034685979,-5.08359478578774,-1.68407706321383,9.90876021211458,1.02483146293674,1.02331731862618,1.02663524111664,4,IMPROVED
EXT1_C_02p08_fast_sensitivity,SENSITIVITY_ONLY,20,25,883,9.90518729947162,10.2102123283801,10.2047992856484,3.02479879600858,-0.0530159663437332,-6.14109166958048,0.990920131226209,0.987930900410357,1,6,DEGRADED
EXT1_C_02p08_fast_sensitivity,SENSITIVITY_ONLY,25,30,881,8.18157882023548,8.34201547741849,8.15147728835831,-0.367918375396136,-2.28407858479708,0.734483111482735,0.999538290718792,0.991897143127385,1.00781605997798,6,IMPROVED
EXT1_C_02p08_fast_sensitivity,SENSITIVITY_ONLY,30,35,883,2.88998694247034,2.98400635036168,2.3249726418501,-19.5507561752951,-22.0855330429074,35.2791916803319,1.01151282069122,1.00781605997798,1.01433481394533,6,IMPROVED
EXT1_C_02p08_fast_sensitivity,SENSITIVITY_ONLY,35,40,884,4.12640350550005,4.12751940140771,3.77825911961129,-8.43699326604201,-8.46174779159862,16.1621579783716,1.01726741815148,1.01433481394533,1.01998382063515,7,IMPROVED
EXT1_C_02p08_fast_sensitivity,SENSITIVITY_ONLY,40,45,883,4.93941646192197,4.88784329531587,4.62719806983002,-6.32095703002259,-5.33252008581438,12.2423690822913,1.02210140756829,1.01998382063515,1.02344635085552,6,IMPROVED
EXT1_C_02p08_fast_sensitivity,SENSITIVITY_ONLY,45,50,881,3.63257703712677,3.5042032826781,3.21053550372383,-11.6182404141594,-8.38044357774339,21.8866457251068,1.02191659401786,1.02069179119969,1.02344208049089,6,IMPROVED
EXT1_C_02p08_fast_sensitivity,SENSITIVITY_ONLY,50,55,883,1.78209899865572,1.55306319989629,1.43606837419631,-19.417025918337,-7.53316579182291,35.0638428815403,1.01793148898586,1.01381493252053,1.02069179119969,7,IMPROVED
EXT1_C_02p08_fast_sensitivity,SENSITIVITY_ONLY,55,60,884,0.987318125152808,1.01912159401202,1.2774455905875,29.3854086178946,25.3477110183218,-67.4058396321956,1.0117274860373,1.01075322792018,1.01381493252053,6,DEGRADED
EXT1_C_02p08_fast_sensitivity,SENSITIVITY_ONLY,60,65,883,0.689109469157342,0.771674320983275,1.00327677986549,45.5903343038259,30.012979904153,-111.965454426998,1.01225937494889,1.01122671843605,1.01311639058634,6,DEGRADED
EXT1_C_02p08_fast_sensitivity,SENSITIVITY_ONLY,65,70,882,2.53703812945049,2.52021919222638,2.60650597971023,2.73814766334581,3.42378106436142,-5.55126985295447,1.01423123653972,1.01311639058634,1.01540268083985,7,DEGRADED
EXT1_C_02p08_fast_sensitivity,SENSITIVITY_ONLY,70,75,882,2.44156883401862,2.47334645711807,2.62402656005914,7.47297080050811,6.09215512478746,-15.5043945268686,1.01581722459448,1.01540268083985,1.01645429116632,6,DEGRADED
EXT1_C_02p08_fast_sensitivity,SENSITIVITY_ONLY,75,78.0735292850998,542,2.11309540402012,2.53788482569015,2.97396916216466,40.7399380315127,17.1829837217268,-98.0773015711405,1.01736039109477,1.01645429116632,1.01903596666806,4,DEGRADED
