Case,Label,bI_mA,bV_mV,GateFractionAfterWarmup,FinalUpdates,FinalAlpha,Frozen_Vhat_RMSE_BiasedMeasurement_mV,K4_Vhat_RMSE_BiasedMeasurement_mV,K4_vs_Frozen_RMSE_Change_pct,Frozen_Vhat_RMSE_UnbiasedVoltage_mV,K4_Vhat_RMSE_UnbiasedVoltage_mV,PlantMaxAbsDiff_V,MaxAbs_K4MinusFrozen_SOC_pp,Final_K4MinusFrozen_SOC_pp,DeltaGateFractionVsUnbiased,UpdateCountDeltaVsUnbiased,DeltaAlphaVsUnbiased,PassPlant,PassNoRMSEReversal,PassGateStability,PassUpdateCount,PassAlphaBounds,RobustnessPass
EXT1_A_02p03_fast,BASELINE,0,0,0.998928494892492,76,1.02969164706268,4.35475187052947,4.27125106816694,-1.91746406787528,4.35475187052947,4.27125106816694,0,0.0828045012487455,0,0,0,0,1,1,1,1,1,1
EXT1_A_02p03_fast,bI_m10mA,-10,0,0.998928494892492,75,1.03354999551589,4.4589843220629,4.38161579659473,-1.73511544064768,4.4589843220629,4.38161579659473,0,0.0793667873925097,0,0,-1,0.00385834845320554,1,1,1,1,1,1
EXT1_A_02p03_fast,bI_p10mA,10,0,0.998928494892492,75,1.02553510773724,4.31404036019436,4.22596596502692,-2.04157559535367,4.31404036019436,4.22596596502692,0,0.0862446878492129,0,0,-1,-0.00415653932544569,1,1,1,1,1,1
EXT1_A_02p03_fast,bI_m20mA,-20,0,0.998928494892492,74,1.03444723530677,4.62249108945837,4.5523389887588,-1.51762543922598,4.62249108945837,4.5523389887588,0,0.081265429117594,0,0,-2,0.00475558824408506,1,1,1,0,1,0
EXT1_A_02p03_fast,bI_p20mA,20,0,0.998928494892492,74,1.02186486859947,4.33851001799572,4.24671290374881,-2.11586728775899,4.33851001799572,4.24671290374881,0,0.0899463059061745,0,0,-2,-0.00782677846321089,1,1,1,0,1,0
EXT1_A_02p03_fast,bV_m5mV,0,-5,0.998928494892492,76,1.02969164706268,3.87954131558402,3.80149235491619,-2.01180898252873,6.63834791226909,6.55625211145645,0,0.0842957777690723,0,0,0,2.22044604925031e-16,1,1,1,1,1,1
EXT1_A_02p03_fast,bV_p5mV,0,5,0.998928494892492,76,1.02969164706268,4.90156611177264,4.81099993445756,-1.84769878136614,6.59329767538185,6.56972710559579,0,0.081345754584905,0,0,0,2.22044604925031e-16,1,1,1,1,1,1
EXT1_A_02p03_fast,bV_m10mV,0,-10,0.998928494892492,76,1.02969164706268,3.47294146540015,3.39723196248261,-2.17998211809233,10.9191158412353,10.8548248929713,0,0.0859655790514946,-0.0763465017014409,0,0,-6.66133814775094e-16,1,1,1,1,1,1
EXT1_A_02p03_fast,bV_p10mV,0,10,0.998928494892492,76,1.02969164706268,5.52128327032133,5.42286320782022,-1.78255774396064,10.8240629625857,10.8308560556811,0,0.0800391456271421,0,0,0,-1.11022302462516e-15,1,1,1,1,1,1
EXT1_B_03p04_fast,BASELINE,0,0,0.998385360602799,50,1.02663524111664,4.33789538220737,4.26305885937103,-1.72518044449142,4.33789538220737,4.26305885937103,0,0.0971192392733355,0,0,0,0,1,1,1,1,1,1
EXT1_B_03p04_fast,bI_m10mA,-10,0,0.998385360602799,50,1.02877800239722,4.44597866627422,4.37192968768419,-1.66552707847515,4.44597866627422,4.37192968768419,0,0.100415620555205,0,0,0,0.00214276128057933,1,1,1,1,1,1
EXT1_B_03p04_fast,bI_p10mA,10,0,0.998385360602799,50,1.02425737383227,4.29232782159357,4.21768261423806,-1.73903789407678,4.29232782159357,4.21768261423806,0,0.0993066798605668,0,0,0,-0.00237786728437173,1,1,1,1,1,1
EXT1_B_03p04_fast,bI_m20mA,-20,0,0.998385360602799,50,1.03062994332085,4.61346224441361,4.54091649207794,-1.57247959324948,4.61346224441361,4.54091649207794,0,0.103379048357688,0,0,0,0.00399470220420528,1,1,1,1,1,1
EXT1_B_03p04_fast,bI_p20mA,20,0,0.998385360602799,49,1.02243136672089,4.31245341445142,4.23810253224372,-1.72409705246994,4.31245341445142,4.23810253224372,0,0.102551819554386,0,0,-1,-0.00420387439575332,1,1,1,1,1,1
EXT1_B_03p04_fast,bV_m5mV,0,-5,0.998385360602799,50,1.02663524111664,3.7028228810959,3.63649076883247,-1.79139306398057,6.53624952642082,6.43148824880306,0,0.0979848699693586,0,0,0,6.66133814775094e-16,1,1,1,1,1,1
EXT1_B_03p04_fast,bV_p5mV,0,5,0.998385360602799,50,1.02663524111664,5.05300140320451,4.96875450110162,-1.6672645697162,6.63858751650893,6.64910603163635,0,0.0960125753980967,0,0,0,0,1,1,1,1,1,1
EXT1_B_03p04_fast,bV_m10mV,0,-10,0.998385360602799,50,1.02663524111664,3.162914712281,3.1029921584408,-1.8945358724828,10.7804964612298,10.6873157665641,0,0.0990055829484193,0,0,0,4.44089209850063e-16,1,1,1,1,1,1
EXT1_B_03p04_fast,bV_p10mV,0,10,0.998385360602799,50,1.02663524111664,5.83605704628727,5.74177877093036,-1.61544471908287,10.8660015150975,10.9113976519383,0,0.0949353735628877,0,0,0,-6.66133814775094e-16,1,1,1,1,1,1
