Case,EvidenceRole,SOC_Low_pct,SOC_High_pct,Samples,K4_AlphaMean,K4_AlphaMin,K4_AlphaMax,ConditionalAlphaOLS,ConditionalAlphaOracle,K4MeanMinusOracle,AlphaGapDirection,K4_RMSE_mV,Alpha1SameState_RMSE_mV,OracleSameState_RMSE_mV,OracleGainVsK4_pct,Alpha1VsK4_RMSEChange_pct,Alpha1Comparison
EXT1_A_02p03_fast,FORMAL_NATIVE_CASE,20,25,880,1.00232685591827,1,1.00541619197897,1.17317171140326,1.17317171140326,-0.170844855484989,K4_ALPHA_BELOW_ORACLE,9.25893323640664,9.33472939613417,6.2266631040469,32.7496705607152,0.818627349309568,K4_BETTER_THAN_ALPHA1
EXT1_A_02p03_fast,FORMAL_NATIVE_CASE,25,30,884,1.01204634934608,1.00541619197897,1.0185899132369,1.14620175191078,1.14620175191078,-0.134155402564702,K4_ALPHA_BELOW_ORACLE,7.60414496801716,7.91261084408438,5.37965901564714,29.2535973699364,4.05654912372949,K4_BETTER_THAN_ALPHA1
EXT1_A_02p03_fast,FORMAL_NATIVE_CASE,30,35,884,1.02071157210525,1.0185899132369,1.02261857311344,1.03248641641784,1.03248641641784,-0.01177484431259,K4_ALPHA_BELOW_ORACLE,1.64466857247699,2.00885129881957,1.54890449397783,5.82269766089878,22.1432288813118,K4_BETTER_THAN_ALPHA1
EXT1_A_02p03_fast,FORMAL_NATIVE_CASE,35,40,883,1.02523380844452,1.02261857311344,1.02762180946599,0.970397843274345,0.970397843274345,0.0548359651701723,K4_ALPHA_ABOVE_ORACLE,3.58217494834965,3.08453644856852,2.85802700710113,20.215314765186,-13.892076935282,ALPHA1_BETTER_THAN_K4
EXT1_A_02p03_fast,FORMAL_NATIVE_CASE,40,45,880,1.02958335244731,1.02762180946599,1.03110412009645,0.954294052721875,0.954294052721875,0.075289299725433,K4_ALPHA_ABOVE_ORACLE,4.49826434726142,3.83559993079014,3.38922110071623,24.6549148944611,-14.7315578924285,ALPHA1_BETTER_THAN_K4
EXT1_A_02p03_fast,FORMAL_NATIVE_CASE,45,50,884,1.03033258974902,1.02916205291924,1.03110412009645,0.982440245080058,0.982440245080058,0.0478923446689609,K4_ALPHA_ABOVE_ORACLE,2.98588629855041,2.41664336063211,2.31664731069343,22.4134116621213,-19.0644546041372,ALPHA1_BETTER_THAN_K4
EXT1_A_02p03_fast,FORMAL_NATIVE_CASE,50,55,884,1.0264249273541,1.02238488728406,1.02916205291924,1.02801904986883,1.02801904986883,-0.00159412251472801,K4_ALPHA_BELOW_ORACLE,0.885849103953022,1.39242478792167,0.855270867162901,3.45185615176081,57.1853244201635,K4_BETTER_THAN_ALPHA1
EXT1_A_02p03_fast,FORMAL_NATIVE_CASE,55,60,884,1.01947839389298,1.01813634352924,1.02238488728406,1.02963684338699,1.02963684338699,-0.0101584494940088,K4_ALPHA_BELOW_ORACLE,0.974989041837191,1.47828277173347,0.901020506701544,7.58660169105765,51.6204499024846,K4_BETTER_THAN_ALPHA1
EXT1_A_02p03_fast,FORMAL_NATIVE_CASE,60,65,882,1.01915620018761,1.01831891575782,1.02017815518405,1.0097714853259,1.0097714853259,0.009384714861711,K4_ALPHA_ABOVE_ORACLE,0.565738116759865,0.565773451292492,0.409966057239804,27.5343051679476,0.00624574013671431,K4_BETTER_THAN_ALPHA1
EXT1_A_02p03_fast,FORMAL_NATIVE_CASE,65,70,881,1.02135561938152,1.02017815518405,1.02247225856884,0.97893813678781,0.97893813678781,0.0424174825937059,K4_ALPHA_ABOVE_ORACLE,2.3311688269809,1.79228102306267,1.57841017622881,32.2910396724457,-23.1166356413636,ALPHA1_BETTER_THAN_K4
EXT1_A_02p03_fast,FORMAL_NATIVE_CASE,70,75,884,1.02339592266383,1.02247225856884,1.02484974021033,0.978972825616626,0.978972825616626,0.0444230970472025,K4_ALPHA_ABOVE_ORACLE,2.48040866251573,1.90837388911021,1.70579324126496,31.2293467184204,-23.0621180312013,ALPHA1_BETTER_THAN_K4
EXT1_A_02p03_fast,FORMAL_NATIVE_CASE,75,79.994100197765,884,1.02742445303151,1.02484974021033,1.0298344654173,1.0582887929349,1.0582887929349,-0.0308643399033872,K4_ALPHA_BELOW_ORACLE,4.15540712463991,4.66633791166344,3.9779471629231,4.27057942564873,12.2955650721661,K4_BETTER_THAN_ALPHA1
EXT1_B_03p04_fast,FORMAL_NATIVE_CASE,20,25,586,0.994307233045157,0.991551915439826,1,1.10823209595564,1.10823209595564,-0.113924862910485,K4_ALPHA_BELOW_ORACLE,8.2217852026326,7.94002425512252,5.03087497165171,38.8104304884925,-3.42700448340418,ALPHA1_BETTER_THAN_K4
EXT1_B_03p04_fast,FORMAL_NATIVE_CASE,25,30,591,1.00134708229401,0.994554902601832,1.01053681622226,1.10796613549072,1.10796613549072,-0.106619053196712,K4_ALPHA_BELOW_ORACLE,7.64432255120926,7.66036510131843,4.69215900192313,38.6190343161165,0.20986228670624,K4_BETTER_THAN_ALPHA1
EXT1_B_03p04_fast,FORMAL_NATIVE_CASE,30,35,586,1.01580389358311,1.01053681622226,1.01962375063774,1.05196182254939,1.05196182254939,-0.0361579289662779,K4_ALPHA_BELOW_ORACLE,2.69559886968647,3.36970192001322,1.71374093912143,36.4244822034387,25.0075431440272,K4_BETTER_THAN_ALPHA1
EXT1_B_03p04_fast,FORMAL_NATIVE_CASE,35,40,591,1.02256029225991,1.01962375063774,1.02455099156288,1.01100735088686,1.01100735088686,0.0115529413730455,K4_ALPHA_ABOVE_ORACLE,1.87758293860784,1.83826891374958,1.73408018917205,7.64295129046007,-2.09386355456558,ALPHA1_BETTER_THAN_K4
EXT1_B_03p04_fast,FORMAL_NATIVE_CASE,40,45,587,1.02568873155171,1.02455099156288,1.02604058652107,0.982202034458613,0.982202034458613,0.0434866970930935,K4_ALPHA_ABOVE_ORACLE,3.55083166404541,2.78047952571266,2.59848379457026,26.820417287542,-21.6949777184058,ALPHA1_BETTER_THAN_K4
EXT1_B_03p04_fast,FORMAL_NATIVE_CASE,45,50,590,1.02315277997375,1.01985240699252,1.02514751561845,0.975557993085712,0.975557993085712,0.0475947868880365,K4_ALPHA_ABOVE_ORACLE,3.62954262594042,2.83627747427191,2.49372586391642,31.2936609121571,-21.8557882747824,ALPHA1_BETTER_THAN_K4
EXT1_B_03p04_fast,FORMAL_NATIVE_CASE,50,55,587,1.01767665086212,1.01580893297375,1.01985240699252,0.987012322227588,0.987012322227588,0.0306643286345324,K4_ALPHA_ABOVE_ORACLE,2.29575690904038,1.69309711871838,1.5312013816191,33.302982750942,-26.2510280574048,ALPHA1_BETTER_THAN_K4
EXT1_B_03p04_fast,FORMAL_NATIVE_CASE,55,60,590,1.01592043892074,1.01554423297274,1.01673089543032,0.995378768907384,0.995378768907384,0.0205416700133549,K4_ALPHA_ABOVE_ORACLE,1.41222972696959,0.867756989232491,0.828518647342015,41.3325869354219,-38.5541195840318,ALPHA1_BETTER_THAN_K4
EXT1_B_03p04_fast,FORMAL_NATIVE_CASE,60,65,587,1.01761512380102,1.01673089543032,1.01817012354445,1.00438550343512,1.00438550343512,0.0132296203659077,K4_ALPHA_ABOVE_ORACLE,0.864999871824464,0.500218343056546,0.434346164244408,49.7865631669653,-42.1712812510039,ALPHA1_BETTER_THAN_K4
EXT1_B_03p04_fast,FORMAL_NATIVE_CASE,65,70,590,1.01959340836318,1.01817012354445,1.02120035037684,0.990865823962108,0.990865823962108,0.0287275844010704,K4_ALPHA_ABOVE_ORACLE,2.13156661560232,1.4537726436151,1.35804211793304,36.2890135362109,-31.7979258553783,ALPHA1_BETTER_THAN_K4
EXT1_B_03p04_fast,FORMAL_NATIVE_CASE,70,75,587,1.02209247578017,1.02120035037684,1.02331731862618,0.98834961663532,0.98834961663532,0.0337428591448502,K4_ALPHA_ABOVE_ORACLE,2.55218445437382,1.79043373468056,1.65931688462837,34.9844451178004,-29.8470088393418,ALPHA1_BETTER_THAN_K4
EXT1_B_03p04_fast,FORMAL_NATIVE_CASE,75,79.9907832046227,590,1.02483146293674,1.02331731862618,1.02663524111664,1.0645559475825,1.0645559475825,-0.0397244846457603,K4_ALPHA_BELOW_ORACLE,6.0318034685979,6.76439945798668,5.58466462879109,7.41302070159714,12.1455546952538,K4_BETTER_THAN_ALPHA1
EXT1_C_02p08_fast_sensitivity,SENSITIVITY_ONLY,20,25,883,0.990920131226209,0.987930900410357,1,1.0565328746958,1.0565328746958,-0.0656127434695954,K4_ALPHA_BELOW_ORACLE,10.2047992856484,9.81232034706386,8.6335961400355,15.3967079766341,-3.84602310734851,ALPHA1_BETTER_THAN_K4
EXT1_C_02p08_fast_sensitivity,SENSITIVITY_ONLY,25,30,881,0.999538290718792,0.991897143127385,1.00781605997798,1.04806356161605,1.04806356161605,-0.0485252708972571,K4_ALPHA_BELOW_ORACLE,8.15147728835831,8.08826671267419,7.07111126189876,13.2536224814427,-0.775449325908137,ALPHA1_BETTER_THAN_K4
EXT1_C_02p08_fast_sensitivity,SENSITIVITY_ONLY,30,35,883,1.01151282069122,1.00781605997798,1.01433481394533,1.02627306153531,1.02627306153531,-0.0147602408440868,K4_ALPHA_BELOW_ORACLE,2.3249726418501,2.89274874908296,1.95923918981813,15.7306561569229,24.4207650882745,K4_BETTER_THAN_ALPHA1
EXT1_C_02p08_fast_sensitivity,SENSITIVITY_ONLY,35,40,884,1.01726741815148,1.01433481394533,1.01998382063515,1.01330394276723,1.01330394276723,0.00396347538425856,K4_ALPHA_ABOVE_ORACLE,3.77825911961129,3.90508169124116,3.75428334351174,0.634572043381122,3.3566403895273,K4_BETTER_THAN_ALPHA1
EXT1_C_02p08_fast_sensitivity,SENSITIVITY_ONLY,40,45,883,1.02210140756829,1.01998382063515,1.02344635085552,1.00830438696375,1.00830438696375,0.0137970206045375,K4_ALPHA_ABOVE_ORACLE,4.62719806983002,4.53867901475184,4.4889269896113,2.98822479893961,-1.91301633823144,ALPHA1_BETTER_THAN_K4
EXT1_C_02p08_fast_sensitivity,SENSITIVITY_ONLY,45,50,881,1.02191659401786,1.02069179119969,1.02344208049089,1.01231196266521,1.01231196266521,0.00960463135265055,K4_ALPHA_ABOVE_ORACLE,3.21053550372383,3.26539935986529,3.11072757178348,3.10876275389509,1.70886931721589,K4_BETTER_THAN_ALPHA1
EXT1_C_02p08_fast_sensitivity,SENSITIVITY_ONLY,50,55,883,1.01793148898586,1.01381493252053,1.02069179119969,1.01653851764859,1.01653851764859,0.00139297133726601,K4_ALPHA_ABOVE_ORACLE,1.43606837419631,1.96360302204204,1.43990164706834,-0.266928298185925,36.7346469934591,K4_BETTER_THAN_ALPHA1
EXT1_C_02p08_fast_sensitivity,SENSITIVITY_ONLY,55,60,884,1.0117274860373,1.01075322792018,1.01381493252053,1.00722531766919,1.00722531766919,0.00450216836811412,K4_ALPHA_ABOVE_ORACLE,1.2774455905875,1.36699521717801,1.23371431486495,3.4233376391737,7.01005406808203,K4_BETTER_THAN_ALPHA1
EXT1_C_02p08_fast_sensitivity,SENSITIVITY_ONLY,60,65,883,1.01225937494889,1.01122671843605,1.01311639058634,1.00225604740596,1.00225604740596,0.0100033275429297,K4_ALPHA_ABOVE_ORACLE,1.00327677986549,0.592942152575873,0.563193514288775,43.8645919459752,-40.8994442535222,ALPHA1_BETTER_THAN_K4
EXT1_C_02p08_fast_sensitivity,SENSITIVITY_ONLY,65,70,882,1.01423123653972,1.01311639058634,1.01540268083985,0.996582292476198,0.996582292476198,0.0176489440635237,K4_ALPHA_ABOVE_ORACLE,2.60650597971023,2.17125500490847,2.15267868080095,17.4113277484109,-16.6986371099806,ALPHA1_BETTER_THAN_K4
EXT1_C_02p08_fast_sensitivity,SENSITIVITY_ONLY,70,75,882,1.01581722459448,1.01540268083985,1.01645429116632,0.99618709008484,0.99618709008484,0.0196301345096423,K4_ALPHA_ABOVE_ORACLE,2.62402656005914,2.06827173918476,2.04341174456949,22.1268650373938,-21.1794662955642,ALPHA1_BETTER_THAN_K4
EXT1_C_02p08_fast_sensitivity,SENSITIVITY_ONLY,75,78.0735292850998,542,1.01736039109477,1.01645429116632,1.01903596666806,0.99823216774415,0.99823216774415,0.0191282233506155,K4_ALPHA_ABOVE_ORACLE,2.97396916216466,2.48492636272386,2.48028548212634,16.6001613708389,-16.444111313005,ALPHA1_BETTER_THAN_K4
