"Category","FileName","FullPath","Bytes","SHA256","CloseoutRequired"
"RESULT_EVIDENCE","EXT1_rolling_K4_shadow_candidate_v1.csv","results/extension_track1/EXT1_rolling_K4_shadow_candidate_v1.csv","1276","1f562eabb4a2d8e5a64c0638dd40d1638422ef7d0b67241c02efa4f436f1efba","1"
"RESULT_EVIDENCE","EXT1_K4_native_integration_fast_parity_v1.csv","results/extension_track1/EXT1_K4_native_integration_fast_parity_v1.csv","797","a0047542a357866359813e4473f25ac7ae7eb9f16016314ec495e90513db7566","1"
"RESULT_EVIDENCE","EXT1_K4_native_integration_negative_fallback_v1.csv","results/extension_track1/EXT1_K4_native_integration_negative_fallback_v1.csv","578","6d28e339ba770d0e8d42a570aa85bed63804878c9dfc380912c850fc4ee0eb8e","1"
"RESULT_EVIDENCE","EXT1_K4_sensor_bias_closed_loop_stress_v1.csv","results/extension_track1/EXT1_K4_sensor_bias_closed_loop_stress_v1.csv","4338","5cbab7bbc4b49c41b531ed281b59c5faafe4d9d5d5d6cec301bfe64aee2edeab","1"
"RESULT_EVIDENCE","EXT1_v1_vs_K4_matched_sensor_bias_v1.csv","results/extension_track1/EXT1_v1_vs_K4_matched_sensor_bias_v1.csv","3638","b8a786fc606d7566592c5c38f3094cd99b6c25ca43884da65150d8cf7d604a3d","1"
"RESULT_EVIDENCE","EXT1_R0_LUT_index_counterfactual_v1.csv","results/extension_track1/EXT1_R0_LUT_index_counterfactual_v1.csv","3984","be587f9e7f446b654cb00af4f964a19f17aa8f400d893158ec4bf118bb9734ad","1"
"RESULT_EVIDENCE","EXT1_v1_vs_K4_current_bias_output_impact_summary_v1.csv","results/extension_track1/EXT1_v1_vs_K4_current_bias_output_impact_summary_v1.csv","894","1c686d02c071a930c3a2d2fd8164a1aa3bd2b56f23dc05706944110ce8cb2a5c","1"
"RESULT_EVIDENCE","EXT1_K4_candidate_qualification_snapshot_v1.txt","results/extension_track1/EXT1_K4_candidate_qualification_snapshot_v1.txt","2511","656073aebcd39135757553328083b39b132399b4869eda44fc84c6ebcf096430","1"
"RESULT_EVIDENCE","EXT1_K4_independent_holdout_protocol_v1.txt","results/extension_track1/EXT1_K4_independent_holdout_protocol_v1.txt","3065","7bec412633b844cc4261e053c87c321838189f45d535aed25a555d003c3e6b59","1"
"RESULT_EVIDENCE","EXT1_EXP0037_holdout_salvage_audit_v1.csv","results/extension_track1/EXT1_EXP0037_holdout_salvage_audit_v1.csv","932","31e6b5ffef4911129c6186939885eccd7c1c8144b364ea02a4dd4f10552d6585","1"
"RESULT_EVIDENCE","EXT1_nested_LOCO_K_selection_v1.csv","results/extension_track1/EXT1_nested_LOCO_K_selection_v1.csv","901","add96bf7c835e3be0f181525cb129fa0397dcba94d647e13ba9cc9e8765247cf","1"
"RESULT_EVIDENCE","EXT1_K4_SOC_block_stability_summary_v1.csv","results/extension_track1/EXT1_K4_SOC_block_stability_summary_v1.csv","282","774a02076e0b58e18a18de8dac8598d12f89aaa670c5c83734d5c04127bf2854","1"
"RESULT_EVIDENCE","EXT1_K4_fine_SOC_bins_v1.csv","results/extension_track1/EXT1_K4_fine_SOC_bins_v1.csv","8033","492cd10b9911182ed8768167b65b249faa35cdfc134fd14f60ef13fbe06d9e3b","1"
"RESULT_EVIDENCE","EXT1_conditional_local_alpha_oracle_v1.csv","results/extension_track1/EXT1_conditional_local_alpha_oracle_v1.csv","10570","ac4fe2dc69edab04fcc125ae9d1fb4e5b0a3256c8411d0a3a414280d87b0d8e1","1"
"RESULT_EVIDENCE","EXT1_shadow_vs_EKF_local_target_divergence_summary_v1.csv","results/extension_track1/EXT1_shadow_vs_EKF_local_target_divergence_summary_v1.csv","1542","38f9e43ed0081f1ccece3759bef96e94ad15bf389d5527e873b173e0b41204f8","1"
"RESULT_EVIDENCE","EXT1_alpha_mismatch_voltage_leverage_summary_v1.csv","results/extension_track1/EXT1_alpha_mismatch_voltage_leverage_summary_v1.csv","759","c15066366bccdbd4fe4f0a158f7be11cf7d9cccf294d0243c104501b5cb9987a","1"
"RESULT_EVIDENCE","EXT1_residual_correction_geometry_v1.csv","results/extension_track1/EXT1_residual_correction_geometry_v1.csv","16424","06885a36f82d41f5ee3afb79f28886437c19e7ef27eeb7d1d49c2389ca7a7012","1"
"RESULT_EVIDENCE","EXT1_residual_correction_geometry_summary_v1.csv","results/extension_track1/EXT1_residual_correction_geometry_summary_v1.csv","1187","beb259f25f78bfd005135e52b05cfa3b2c524ef93af7c62c6aaf527970f60354","1"
"K4_EXTENSION_ASSET","ope_r0_bayes_rolling_k4_core_v1.m","matlab/ope_r0_bayes_rolling_k4_core_v1.m","10853","5b450f8317f7c0a2016e8b2e72585f753db30e86fbef3b4418163fcd630d10e5","1"
"K4_EXTENSION_ASSET","MJ1_2RC_EKF_EXT1_K4_Integrated_v1.slx","model/MJ1_2RC_EKF_EXT1_K4_Integrated_v1.slx","202642","e61978eab7e996a9fd117f58a04fb2e473667e5ef231025c3ef59f1fb31002b5","1"
"FROZEN_V1_REFERENCE_ASSET","ope_r0_bayes_online_core_v2.m","matlab/ope_r0_bayes_online_core_v2.m","11898","2f420eb8296c57a730cbe830800456be5d01f12a794a11cf45530497047c4294","1"
"FROZEN_V1_REFERENCE_ASSET","MJ1_2RC_EKF_v02_S2_A1d_AutonomousGate.slx","model/MJ1_2RC_EKF_v02_S2_A1d_AutonomousGate.slx","202652","9b8dc8ff1ab37f3b1a19283101b5a2a9c19833fa2cee6dd7962d7ffb96e074f4","1"
