File,Label,ExpectedAdapt,ReferenceNote,GateFractionAfterWarmup,FinalUpdates,FinalAlpha,Frozen_Vhat_RMSE_20to80_mV,Adaptive_Vhat_RMSE_20to80_mV,RMSE_Change_pct,PlantMaxAbsDiff,MaxAbs_AdaptiveMinusFrozen_SOC_pp,Final_AdaptiveMinusFrozen_SOC_pp,OriginalAutomatedPass,Original_FunctionPass,Corrected_FunctionPass,Verdict_Basis,SOC_Equivalence_Tolerance_pp,RMSE_Equivalence_Tolerance_pct
0.3+0.7 0.1tau.csv,FAST_0p1tau,1,Raw charge; SOCref from unbiased true current; bI=+0.000 A; bV=+0.000 V,0.998385708136031,50,1.01847699306922,4.02186321048018,3.80556523575024,-5.37805398667748,0,0.0871479321301383,-0.0829421091712468,1,1,True,FAST adaptation functional gate,1e-08,1e-08
0.2+0.3 1tau.csv,SLOW_1tau_02p03,0,Raw charge; SOCref from unbiased true current; bI=+0.000 A; bV=+0.000 V,0.0,0,1.0,4.22377632026033,4.22377632026231,4.6962433941644096e-11,0,2.3830937223579e-11,0.0,1,1,True,Gate-closed numerical equivalence,1e-08,1e-08
0.3+0.7 1tau.csv,SLOW_1tau_03p07,0,Raw charge; SOCref from unbiased true current; bI=+0.000 A; bV=+0.000 V,0.0,0,1.0,4.36085134080228,4.36085134080904,1.55164769921612e-10,0,5.26248489229886e-10,-1.01030295240889e-12,1,1,True,Gate-closed numerical equivalence,1e-08,1e-08
dc0.4 ac0.6.csv,SLOW_1tau_04p06,0,Raw charge; SOCref from unbiased true current; bI=+0.000 A; bV=+0.000 V,0.0,0,1.0,4.33987570893293,4.33987570893567,6.312728118018639e-11,0,1.1917689057838702e-09,-8.32667268468867e-13,0,0,True,Gate-closed numerical equivalence,1e-08,1e-08
0.2+0.3C 10tau.csv,SLOW_10tau_02p03,0,Raw charge; SOCref from unbiased true current; bI=+0.000 A; bV=+0.000 V,0.0,0,1.0,5.59648487280708,5.59648487280772,1.1324274851176598e-11,0,1.00530694879808e-11,0.0,1,1,True,Gate-closed numerical equivalence,1e-08,1e-08
0.3+0.7 10 tau.csv,SLOW_10tau_03p07,0,Raw charge; SOCref from unbiased true current; bI=+0.000 A; bV=+0.000 V,0.0,0,1.0,7.59278173283224,7.59278173283688,6.119549311733859e-11,0,3.23047144590305e-11,1.40998324127395e-12,1,1,True,Gate-closed numerical equivalence,1e-08,1e-08
0.4C+0.6C 10tau.csv,SLOW_10tau_04p06,0,Raw charge; SOCref from unbiased true current; bI=+0.000 A; bV=+0.000 V,0.0,0,1.0,5.65879287093828,5.65879287093882,9.61453139325386e-12,0,3.6004532688593794e-11,-2.07611705604904e-12,1,1,True,Gate-closed numerical equivalence,1e-08,1e-08
0.2+0.3C f=0.000412Hz.csv,SLOW_ULF,0,Raw charge; SOCref from unbiased true current; bI=+0.000 A; bV=+0.000 V,0.0,0,1.0,6.76248337272939,6.76248337272992,7.88258347483861e-12,0,4.02400335275388e-11,0.0,1,1,True,Gate-closed numerical equivalence,1e-08,1e-08
mj1_holdout_50to17.mat,NOEXC_CC_HOLDOUT,0,Holdout SOCref is Coulomb-count reference using same qRefAh; not independent truth.,0.0,0,1.0,8.02611759672888,8.02611759671502,-1.72672987019951e-10,0,8.21565038222616e-12,0.0,1,1,True,Gate-closed numerical equivalence,1e-08,1e-08
