Label,bI_mA,bV_mV,GateFractionAfterWarmup,FinalUpdates,FinalAlpha,DeltaAlphaVsUnbiased,UpdateCountDeltaVsUnbiased,Frozen_Vhat_RMSE_20to80_mV,Adaptive_Vhat_RMSE_20to80_mV,RMSE_Change_pct,PlantMaxAbsDiff,MaxAbs_AdaptiveMinusFrozen_SOC_pp,Final_AdaptiveMinusFrozen_SOC_pp,ReferenceNote,RobustnessPass
BASELINE,0,0,0.998385708136031,50,1.01847699306922,0.0,0,4.02186321048018,3.80556523575024,-5.37805398667748,0,0.0871479321301383,-0.0829421091712468,Raw charge; SOCref from unbiased true current; bI=+0.000 A; bV=+0.000 V,1
bI_m10mA,-10,0,0.998385708136031,50,1.01860323707547,0.0001262440062488,0,3.93767865068492,3.72429080657033,-5.41912794426437,0,0.0825132880793555,-0.081872908584868,Raw charge; SOCref from unbiased true current; bI=-0.010 A; bV=+0.000 V,1
bI_p10mA,10,0,0.998385708136031,50,1.01828111331511,-0.0001958797541119,0,4.1715736551437,3.95711189138421,-5.14102785875672,0,0.0916155072507974,-0.0837512683823705,Raw charge; SOCref from unbiased true current; bI=+0.010 A; bV=+0.000 V,1
bI_m20mA,-20,0,0.998385708136031,50,1.01857037656972,9.33835005008099e-05,0,3.92343316292087,3.71878178305035,-5.21613014348296,0,0.0806499631178959,-0.0806499631178959,Raw charge; SOCref from unbiased true current; bI=-0.020 A; bV=+0.000 V,1
bI_p20mA,20,0,0.998385708136031,49,1.01829116486606,-0.0001858282031592,-1,4.38120206770206,4.17218465941046,-4.77077763275198,0,0.0966709590941639,-0.0846804111510058,Raw charge; SOCref from unbiased true current; bI=+0.020 A; bV=+0.000 V,1
bV_m5mV,0,-5,0.998385708136031,50,1.01847699306922,-6.66133814775094e-16,0,3.58064615913446,3.3458680725917,-6.55686365277481,0,0.0884749216093828,-0.0830102365171004,Raw charge; SOCref from unbiased true current; bI=+0.000 A; bV=-0.005 V,1
bV_p5mV,0,5,0.998385708136031,50,1.01847699306922,-2.2204460492503099e-16,0,4.4864806369823,4.28811493584625,-4.42140994660514,0,0.0857896735292352,-0.0841347764042766,Raw charge; SOCref from unbiased true current; bI=+0.000 A; bV=+0.005 V,1
bV_m10mV,0,-10,0.998385708136031,50,1.01847699306922,2.2204460492503103e-15,0,3.1843039811527,2.93212709182235,-7.9193723596408,0,0.0898855271059151,-0.0821497699194373,Raw charge; SOCref from unbiased true current; bI=+0.000 A; bV=-0.010 V,1
bV_p10mV,0,10,0.998385708136031,50,1.01847699306922,1.99840144432528e-15,0,4.96305052677929,4.78162609458002,-3.65550242175365,0,0.0848815454643326,-0.084300323051234,Raw charge; SOCref from unbiased true current; bI=+0.000 A; bV=+0.010 V,1
