SOC,FrozenOCV_V,DeltaChargeOCV_V,DeltaChargeOCV_mV,ChargeDirectionOCV_V,DevelopmentSamples
0.17,3.43173174585776,0.0380284477760644,38.0284477760644,3.46976019363383,177
0.18,3.44370587441794,0.0390120543371952,39.0120543371952,3.48271792875514,353
0.19,3.4555136468415,0.0400433375902007,40.0433375902007,3.4955569844317,354
0.2,3.46695194973852,0.0408313777405613,40.8313777405613,3.50778332747908,353
0.21,3.47801671379287,0.0415877633345905,41.5877633345905,3.51960447712746,353
0.22,3.48871143977126,0.0421838032134814,42.1838032134814,3.53089524298474,354
0.23,3.49885550987844,0.0424596069490271,42.4596069490271,3.54131511682747,353
0.24,3.50824285636773,0.0431249993621901,43.1249993621901,3.55136785572992,353
0.25,3.51687114770606,0.0446967485502683,44.6967485502683,3.56156789625633,354
0.26,3.52502647474949,0.0464727471618112,46.4727471618112,3.5714992219113,353
0.27,3.53260937280205,0.0474213657739777,47.4213657739777,3.58003073857603,353
0.28,3.53981626762543,0.0474379836850207,47.4379836850207,3.58725425131045,354
0.29,3.5467425207091,0.0469115022477489,46.9115022477489,3.59365402295685,353
0.3,3.55349185412611,0.0459180112573114,45.9180112573114,3.59940986538342,354
0.31,3.56013736477705,0.0447153853708562,44.7153853708562,3.6048527501479,353
0.32,3.56675042666431,0.0433599894701981,43.3599894701981,3.61011041613451,352
0.33,3.57330572165176,0.0420054288531357,42.0054288531357,3.61531115050489,354
0.34,3.57986245206464,0.040668775342815,40.668775342815,3.62053122740745,353
0.35,3.5864568460378,0.0393543767974838,39.3543767974838,3.62581122283528,353
0.36,3.59306878944173,0.0381023059539334,38.1023059539334,3.63117109539566,354
0.37,3.59974482999366,0.0368582449226862,36.8582449226862,3.63660307491634,353
0.38,3.60648809574543,0.0357125342511986,35.7125342511986,3.64220062999663,353
0.39,3.61335102473656,0.0345794900473146,34.5794900473146,3.64793051478388,354
0.4,3.62025264341214,0.033579865305347,33.579865305347,3.65383250871749,353
0.41,3.62725478875104,0.0327599969222472,32.7599969222472,3.66001478567329,354
0.42,3.63444621797726,0.0319667449974306,31.9667449974306,3.6664129629747,353
0.43,3.64174845078074,0.0313628325284339,31.3628325284339,3.67311128330917,353
0.44,3.64920284162546,0.0309243715636851,30.9243715636851,3.68012721318914,354
0.45,3.65690993142621,0.0306312364026495,30.6312364026495,3.68754116782886,353
0.46,3.66480359983522,0.0305522110677834,30.5522110677834,3.695355810903,353
0.47,3.67306080192455,0.0306354134161828,30.6354134161828,3.70369621534074,354
0.48,3.68161030287442,0.0309790627387496,30.9790627387496,3.71258936561317,353
0.49,3.69054043192438,0.0313412561730821,31.3412561730821,3.72188168809746,353
0.5,3.69985090589885,0.0318138906355121,31.8138906355121,3.73166479653436,354
0.51,3.70953917007664,0.0323562921560683,32.3562921560683,3.74189546223271,353
0.52,3.71956038714887,0.0329304014035889,32.9304014035889,3.75249078855246,353
0.53,3.72982481441403,0.0336107409223085,33.6107409223085,3.76343555533633,354
0.54,3.74029251607375,0.0343457673998673,34.3457673998673,3.77463828347361,353
0.55,3.75087840637256,0.0354918287088597,35.4918287088597,3.78637023508142,353
0.56,3.76148323612213,0.0372623446122837,37.2623446122837,3.79874558073441,354
0.57,3.77208794592716,0.039977448886674,39.977448886674,3.81206539481384,353
0.58,3.78265003888551,0.0431339387377059,43.1339387377059,3.82578397762322,353
0.59,3.79315301009668,0.0442329739020382,44.2329739020382,3.83738598399872,354
0.6,3.80354661566607,0.0439195773216756,43.9195773216756,3.84746619298774,353
0.61,3.81382901655004,0.0429917615370363,42.9917615370363,3.85682077808707,354
0.62,3.82394216880787,0.0418403649676051,41.8403649676051,3.86578253377547,353
0.63,3.8338742636131,0.0404262198712777,40.4262198712777,3.87430048348437,351
0.64,3.84360839602927,0.0390498913195998,39.0498913195998,3.88265828734886,354
0.65,3.85310518283912,0.0376625020767731,37.6625020767731,3.89076768491589,353
0.66,3.86242220008108,0.0362324648482533,36.2324648482533,3.89865466492934,353
0.67,3.87149527622747,0.0348321532230125,34.8321532230125,3.90632742945048,354
0.68,3.88038737435497,0.0334517079262633,33.4517079262633,3.91383908228123,353
0.690000000000001,3.88909645350108,0.0321729040632452,32.1729040632452,3.92126935756432,353
0.700000000000001,3.89770140182859,0.0310233721228179,31.0233721228179,3.92872477395141,354
0.710000000000001,3.90632640629055,0.0300639602077193,30.0639602077193,3.93639036649827,353
0.720000000000001,3.91502719276514,0.0294116845248564,29.4116845248564,3.94443887728999,353
0.730000000000001,3.92388546139192,0.0290610985966664,29.0610985966664,3.95294655998858,354
0.740000000000001,3.93304808068605,0.0289018830027086,28.9018830027086,3.96194996368876,353
0.750000000000001,3.94250928525208,0.0290144272029913,29.0144272029913,3.97152371245507,353
0.760000000000001,3.95232497500606,0.029260111462583,29.260111462583,3.98158508646864,354
0.770000000000001,3.96247746807569,0.0296673991474741,29.6673991474741,3.99214486722317,353
0.780000000000001,3.97295982023031,0.0300985337444342,30.0985337444342,4.00305835397474,353
0.790000000000001,3.98360421996736,0.0307711720972175,30.7711720972175,4.01437539206458,354
0.800000000000001,3.99442937107997,0.0313604215550738,31.3604215550738,4.02578979263504,353
0.810000000000001,4.00523216690474,0.0318723113854826,31.8723113854826,4.03710447829023,353
0.820000000000001,4.01589913892501,0.0321787779152558,32.1787779152558,4.04807791684027,354
0.830000000000001,4.02634081519723,0.0322321514413773,32.2321514413773,4.0585729666386,353
0.840000000000001,4.03638385583045,0.0318341780807856,31.8341780807856,4.06821803391124,354
0.850000000000001,4.04595376082679,0.0311543956999425,31.1543956999425,4.07710815652674,176
