link_type,DAS_file,DAS_SHA256,DAS_start_timestamp,DAS_end_timestamp,DAS_active_start_s,DAS_active_end_s,NGU_candidates,NGU_segment,NGU_file,NGU_SHA256,onset_offset_s,voltage_median_abs_difference_V,voltage_max_abs_difference_V,voltage_matched_sample_count,voltage_pairing_method,current_direction_compatible,chronology_confidence,record_contains_multiple_stages,rest_period_status,rejected_candidate,notes,previous_file,next_file,previous_end_timestamp,next_start_timestamp,time_gap_s,voltage_continuity_error_V,same_experiment_sequence,missing_section,segment,onset_difference_s,reason
DAS_TO_NGU_PAIRING,<LOCAL_DATA_ROOT>\HPPC_primary_source_提取\SOC=19.4 1C放电10s.csv,afc18e636dbfab9981e5d9e23f2819c2ab1c75f234c4622f67a3c53cc56e1325,2025-12-22T11:00:37,2025-12-22T11:01:36.070000,39643.07,39656.84,[],,,,,,,0,"Onset-shifted nearest native DAS samples; no voltage fit, no interpolation, no use for current integration",false,NOT_RECONSTRUCTABLE,true,DAS_PRE_POST_REST_OBSERVED_NGU_GAPS_UNKNOWN_CURRENT,"{""segment"":""CHG_001"",""onset_difference_s"":-202.0699999999997,""reason"":""Not within DAS recording; cannot shift clock or infer pairing from waveform resemblance""}",Native NGU time retained for all integration; observed onset offset includes clock and detection latency.,,,,,,,,,,,
DAS_TO_NGU_PAIRING,<LOCAL_DATA_ROOT>\HPPC_primary_source_提取\SOC19.4到SOC34.4.csv,319313a67a59cd9d63693ac9cc2544d032ddc54653e39218cdc8efd2963a34e3,2025-12-22T11:38:35,2025-12-22T11:45:22.700000,41937.6,41970.2,"[""CHG_003""]",CHG_003,<LOCAL_DATA_ROOT>\HPPC_primary_source_提取\HPPC 充电过程全记录.csv,09dd6c5b3256b87b86ab0073ddfeaec117eee56b69ec9832ad940c4e5a0617ca,3.3000000000029104,0.0037404999999999244,0.18229000000000006,32,"Onset-shifted nearest native DAS samples; no voltage fit, no interpolation, no use for current integration",true,HIGH,true,DAS_PRE_POST_REST_OBSERVED_NGU_GAPS_UNKNOWN_CURRENT,,Native NGU time retained for all integration; observed onset offset includes clock and detection latency.,,,,,,,,,,,
DAS_TO_NGU_PAIRING,<LOCAL_DATA_ROOT>\HPPC_primary_source_提取\SOC=34.4 1C放电10s.rec,467c54621a2ba7109fff7cd1ec39d6256f1305df70d134f4daa347d5c8982d6f,2025-12-22T11:49:14,2025-12-22T11:50:38.690000,,,"[""CHG_004""]",CHG_004,<LOCAL_DATA_ROOT>\HPPC_primary_source_提取\HPPC 充电过程全记录.csv,09dd6c5b3256b87b86ab0073ddfeaec117eee56b69ec9832ad940c4e5a0617ca,,,,0,"Onset-shifted nearest native DAS samples; no voltage fit, no interpolation, no use for current integration",true,MEDIUM,UNKNOWN,REC_WAVEFORM_NOT_DECODED,,REC-only links use cross-validated timestamp metadata and NGU direction; no DAS waveform confirmation.,,,,,,,,,,,
DAS_TO_NGU_PAIRING,<LOCAL_DATA_ROOT>\HPPC_primary_source_提取\SOC=34.4 1C充电10s.rec,924839536cfe0bb302c8149190885f885df54b6bd6a1097b15662e78495bddae,2025-12-22T11:54:31,2025-12-22T11:56:07.840000,,,"[""CHG_005""]",CHG_005,<LOCAL_DATA_ROOT>\HPPC_primary_source_提取\HPPC 充电过程全记录.csv,09dd6c5b3256b87b86ab0073ddfeaec117eee56b69ec9832ad940c4e5a0617ca,,,,0,"Onset-shifted nearest native DAS samples; no voltage fit, no interpolation, no use for current integration",true,MEDIUM,UNKNOWN,REC_WAVEFORM_NOT_DECODED,,REC-only links use cross-validated timestamp metadata and NGU direction; no DAS waveform confirmation.,,,,,,,,,,,
DAS_TO_NGU_PAIRING,<LOCAL_DATA_ROOT>\HPPC_primary_source_提取\SOC34.4到SOC43.7.csv,0c600966a511e7dd52a2c13109a8b5ae6e9828c7adf0465d959dadd31815383a,2025-12-22T12:00:44,2025-12-22T12:03:26,43258.01,43325.18,"[""CHG_006""]",CHG_006,<LOCAL_DATA_ROOT>\HPPC_primary_source_提取\HPPC 充电过程全记录.csv,09dd6c5b3256b87b86ab0073ddfeaec117eee56b69ec9832ad940c4e5a0617ca,2.889999999999418,0.0017259999999996722,0.18549599999999966,67,"Onset-shifted nearest native DAS samples; no voltage fit, no interpolation, no use for current integration",true,HIGH,true,DAS_PRE_POST_REST_OBSERVED_NGU_GAPS_UNKNOWN_CURRENT,,Native NGU time retained for all integration; observed onset offset includes clock and detection latency.,,,,,,,,,,,
DAS_TO_NGU_PAIRING,<LOCAL_DATA_ROOT>\HPPC_primary_source_提取\SOC=43.7 1C放电10s.csv,8cb50dde559b69855fa9628ed6cf832a47ca764f8758c22d9b6b056f51a4431e,2025-12-22T12:27:13,2025-12-22T12:28:39.830000,44847.41,44858.27,"[""CHG_007""]",CHG_007,<LOCAL_DATA_ROOT>\HPPC_primary_source_提取\HPPC 充电过程全记录.csv,09dd6c5b3256b87b86ab0073ddfeaec117eee56b69ec9832ad940c4e5a0617ca,3.389999999999418,0.008838000000000124,0.22528799999999993,10,"Onset-shifted nearest native DAS samples; no voltage fit, no interpolation, no use for current integration",true,HIGH,true,DAS_PRE_POST_REST_OBSERVED_NGU_GAPS_UNKNOWN_CURRENT,,Native NGU time retained for all integration; observed onset offset includes clock and detection latency.,,,,,,,,,,,
DAS_TO_NGU_PAIRING,<LOCAL_DATA_ROOT>\HPPC_primary_source_提取\SOC=43.7 1C充电10s.csv,7b21c9a15a1f09ff1e0b9e06cf048491fbd5f7b860a0522262d235563a506fb0,2025-12-22T12:37:13,2025-12-22T12:38:47.850000,45457.28,45468.03,"[""CHG_008""]",CHG_008,<LOCAL_DATA_ROOT>\HPPC_primary_source_提取\HPPC 充电过程全记录.csv,09dd6c5b3256b87b86ab0073ddfeaec117eee56b69ec9832ad940c4e5a0617ca,3.5200000000040745,0.002607500000000096,0.18699200000000005,10,"Onset-shifted nearest native DAS samples; no voltage fit, no interpolation, no use for current integration",true,HIGH,true,DAS_PRE_POST_REST_OBSERVED_NGU_GAPS_UNKNOWN_CURRENT,,Native NGU time retained for all integration; observed onset offset includes clock and detection latency.,,,,,,,,,,,
DAS_TO_NGU_PAIRING,<LOCAL_DATA_ROOT>\HPPC_primary_source_提取\SOC43.7到SOC52.5.csv,d4088952328b53dfd5d3bd8e2dd2f8865c567180fd56e9a52b39b8dfe04f8124,2025-12-22T12:47:50,2025-12-22T12:57:50.400000,46078.1,46254.1,"[""CHG_009""]",CHG_009,<LOCAL_DATA_ROOT>\HPPC_primary_source_提取\HPPC 充电过程全记录.csv,09dd6c5b3256b87b86ab0073ddfeaec117eee56b69ec9832ad940c4e5a0617ca,3.599999999998545,0.0010200000000000209,0.1846700000000001,176,"Onset-shifted nearest native DAS samples; no voltage fit, no interpolation, no use for current integration",true,HIGH,true,DAS_PRE_POST_REST_OBSERVED_NGU_GAPS_UNKNOWN_CURRENT,,Native NGU time retained for all integration; observed onset offset includes clock and detection latency.,,,,,,,,,,,
DAS_TO_NGU_PAIRING,<LOCAL_DATA_ROOT>\HPPC_primary_source_提取\SOC=52.2 1C放电10s.csv,6fb4f8b68514058f7d273f28bd52b6bfc86ac5f7ed291ccb04eec14e0079292c,2025-12-22T13:11:44,2025-12-22T13:14:05.600000,47518.32,47528.94,"[""CHG_010""]",CHG_010,<LOCAL_DATA_ROOT>\HPPC_primary_source_提取\HPPC 充电过程全记录.csv,09dd6c5b3256b87b86ab0073ddfeaec117eee56b69ec9832ad940c4e5a0617ca,3.3799999999973807,0.003956999999999766,0.18493400000000015,10,"Onset-shifted nearest native DAS samples; no voltage fit, no interpolation, no use for current integration",true,HIGH,true,DAS_PRE_POST_REST_OBSERVED_NGU_GAPS_UNKNOWN_CURRENT,,Native NGU time retained for all integration; observed onset offset includes clock and detection latency.,,,,,,,,,,,
DAS_TO_NGU_PAIRING,<LOCAL_DATA_ROOT>\HPPC_primary_source_提取\SOC=52.2 1C充电10s.csv,7aa45be9fde5138bebc4bf61494c2ae07ffabd40ec036380bb91b2888d3ca613,2025-12-22T13:23:09,2025-12-22T13:24:46.240000,48197.76,48208.95,"[""CHG_011""]",CHG_011,<LOCAL_DATA_ROOT>\HPPC_primary_source_提取\HPPC 充电过程全记录.csv,09dd6c5b3256b87b86ab0073ddfeaec117eee56b69ec9832ad940c4e5a0617ca,2.8399999999965075,0.0011450000000001737,0.10891899999999977,11,"Onset-shifted nearest native DAS samples; no voltage fit, no interpolation, no use for current integration",true,HIGH,true,DAS_PRE_POST_REST_OBSERVED_NGU_GAPS_UNKNOWN_CURRENT,,Native NGU time retained for all integration; observed onset offset includes clock and detection latency.,,,,,,,,,,,
DAS_TO_NGU_PAIRING,<LOCAL_DATA_ROOT>\HPPC_primary_source_提取\SOC52.2到SOC74.csv,e8a5dabd95401cccad75b83f87183d9b7101aef3be965f278fbf33a75370424c,2025-12-22T13:32:48,2025-12-22T13:45:01.100000,48807.5,49501.1,"[""CHG_012""]",CHG_012,<LOCAL_DATA_ROOT>\HPPC_primary_source_提取\HPPC 充电过程全记录.csv,09dd6c5b3256b87b86ab0073ddfeaec117eee56b69ec9832ad940c4e5a0617ca,3.099999999998545,0.00043949999999992606,0.005978999999999957,694,"Onset-shifted nearest native DAS samples; no voltage fit, no interpolation, no use for current integration",true,HIGH,true,DAS_PRE_POST_REST_OBSERVED_NGU_GAPS_UNKNOWN_CURRENT,,Native NGU time retained for all integration; observed onset offset includes clock and detection latency.,,,,,,,,,,,
DAS_TO_NGU_PAIRING,<LOCAL_DATA_ROOT>\HPPC_primary_source_提取\SOC=74.0 1C放电10s.csv,5da2a38ee10a135d2f8351ee76435445a601bfc71e60b9bdbf12cfe4201451a5,2025-12-22T14:18:56,2025-12-22T14:20:22.830000,51548.08,51558.94,"[""CHG_013""]",CHG_013,<LOCAL_DATA_ROOT>\HPPC_primary_source_提取\HPPC 充电过程全记录.csv,09dd6c5b3256b87b86ab0073ddfeaec117eee56b69ec9832ad940c4e5a0617ca,3.4199999999982538,0.001966499999999982,0.12282899999999985,10,"Onset-shifted nearest native DAS samples; no voltage fit, no interpolation, no use for current integration",true,HIGH,true,DAS_PRE_POST_REST_OBSERVED_NGU_GAPS_UNKNOWN_CURRENT,,Native NGU time retained for all integration; observed onset offset includes clock and detection latency.,,,,,,,,,,,
DAS_TO_NGU_PAIRING,<LOCAL_DATA_ROOT>\HPPC_primary_source_提取\SOC=74.0 1C充电10s.csv,7975d641954caafc65555cbb50aa2128fb047abc54f3d28fde000e7518f90575,2025-12-22T14:29:08,2025-12-22T14:31:01.200000,52156.1,52166.9,"[""CHG_014""]",CHG_014,<LOCAL_DATA_ROOT>\HPPC_primary_source_提取\HPPC 充电过程全记录.csv,09dd6c5b3256b87b86ab0073ddfeaec117eee56b69ec9832ad940c4e5a0617ca,5.30000000000291,0.0033535000000000093,0.13218599999999991,10,"Onset-shifted nearest native DAS samples; no voltage fit, no interpolation, no use for current integration",true,HIGH,true,DAS_PRE_POST_REST_OBSERVED_NGU_GAPS_UNKNOWN_CURRENT,,Native NGU time retained for all integration; observed onset offset includes clock and detection latency.,,,,,,,,,,,
DAS_TO_NGU_PAIRING,<LOCAL_DATA_ROOT>\HPPC_primary_source_提取\SOC74到SOC100.csv,98c3eab1a182b07e99e05c2ae87da560e239035f68349eef4ffe8f71c30ccb1d,2025-12-22T14:39:03,2025-12-22T15:07:07.200000,52766.2,54427.2,"[""CHG_015""]",CHG_015,<LOCAL_DATA_ROOT>\HPPC_primary_source_提取\HPPC 充电过程全记录.csv,09dd6c5b3256b87b86ab0073ddfeaec117eee56b69ec9832ad940c4e5a0617ca,5.200000000004366,0.00030399999999985994,0.11868300000000032,1662,"Onset-shifted nearest native DAS samples; no voltage fit, no interpolation, no use for current integration",true,HIGH,true,DAS_PRE_POST_REST_OBSERVED_NGU_GAPS_UNKNOWN_CURRENT,,Native NGU time retained for all integration; observed onset offset includes clock and detection latency.,,,,,,,,,,,
DAS_TO_NGU_PAIRING,<LOCAL_DATA_ROOT>\HPPC_primary_source_提取\SOC=99 1C放电10s.csv,0f558f64c802e8e35d791d8b31a3472774dda0a1718a39ec713f9e5bd904c1c5,2025-12-22T16:29:21,2025-12-22T16:31:06.770000,59366.56,59377.03,"[""CHG_016""]",CHG_016,<LOCAL_DATA_ROOT>\HPPC_primary_source_提取\HPPC 充电过程全记录.csv,09dd6c5b3256b87b86ab0073ddfeaec117eee56b69ec9832ad940c4e5a0617ca,4.540000000000873,0.0011350000000001081,0.1887080000000001,10,"Onset-shifted nearest native DAS samples; no voltage fit, no interpolation, no use for current integration",true,HIGH,true,DAS_PRE_POST_REST_OBSERVED_NGU_GAPS_UNKNOWN_CURRENT,,Native NGU time retained for all integration; observed onset offset includes clock and detection latency.,,,,,,,,,,,
DAS_TO_NGU_PAIRING,<LOCAL_DATA_ROOT>\HPPC_primary_source_提取\SOC=99 1C充电10s.csv,662ea875d3931d256c451fdfab11a74ddf44d8d1f2d3e4b64eaea2f4a2bfdce6,2025-12-22T16:39:23,2025-12-22T16:41:10.340000,59976.86,59987.66,"[""CHG_017""]",CHG_017,<LOCAL_DATA_ROOT>\HPPC_primary_source_提取\HPPC 充电过程全记录.csv,09dd6c5b3256b87b86ab0073ddfeaec117eee56b69ec9832ad940c4e5a0617ca,4.139999999999418,0.00043799999999993844,0.018945999999999685,11,"Onset-shifted nearest native DAS samples; no voltage fit, no interpolation, no use for current integration",true,HIGH,true,DAS_PRE_POST_REST_OBSERVED_NGU_GAPS_UNKNOWN_CURRENT,,Native NGU time retained for all integration; observed onset offset includes clock and detection latency.,,,,,,,,,,,
ADJACENT_DAS_SEQUENCE,,,,,,,,,,,,,,,,,LOW,,UNMEASURED_CURRENT_GAP_NOT_ASSUMED_ZERO,,Chronological ordering is not a complete Coulomb ledger; voltage relaxation across a gap is not an error correction.,<LOCAL_DATA_ROOT>\HPPC_primary_source_提取\SOC=19.4 1C放电10s.csv,<LOCAL_DATA_ROOT>\HPPC_primary_source_提取\SOC19.4到SOC34.4.csv,11:01:36.070000,11:38:35,2218.9300000000003,0.24299999999999988,DATE_AND_EVENT_ORDER_SUPPORTED_CELL_ID_UNPROVEN,true,,,
ADJACENT_DAS_SEQUENCE,,,,,,,,,,,,,,,,,LOW,,UNMEASURED_CURRENT_GAP_NOT_ASSUMED_ZERO,,Chronological ordering is not a complete Coulomb ledger; voltage relaxation across a gap is not an error correction.,<LOCAL_DATA_ROOT>\HPPC_primary_source_提取\SOC19.4到SOC34.4.csv,<LOCAL_DATA_ROOT>\HPPC_primary_source_提取\SOC=34.4 1C放电10s.rec,11:45:22.700000,11:49:14,231.3000000000029,,DATE_AND_EVENT_ORDER_SUPPORTED_CELL_ID_UNPROVEN,true,,,
ADJACENT_DAS_SEQUENCE,,,,,,,,,,,,,,,,,LOW,,UNMEASURED_CURRENT_GAP_NOT_ASSUMED_ZERO,,Chronological ordering is not a complete Coulomb ledger; voltage relaxation across a gap is not an error correction.,<LOCAL_DATA_ROOT>\HPPC_primary_source_提取\SOC=34.4 1C放电10s.rec,<LOCAL_DATA_ROOT>\HPPC_primary_source_提取\SOC=34.4 1C充电10s.rec,11:50:38.690000,11:54:31,232.30999999999767,,DATE_AND_EVENT_ORDER_SUPPORTED_CELL_ID_UNPROVEN,true,,,
ADJACENT_DAS_SEQUENCE,,,,,,,,,,,,,,,,,LOW,,UNMEASURED_CURRENT_GAP_NOT_ASSUMED_ZERO,,Chronological ordering is not a complete Coulomb ledger; voltage relaxation across a gap is not an error correction.,<LOCAL_DATA_ROOT>\HPPC_primary_source_提取\SOC=34.4 1C充电10s.rec,<LOCAL_DATA_ROOT>\HPPC_primary_source_提取\SOC34.4到SOC43.7.csv,11:56:07.840000,12:00:44,276.1600000000035,,DATE_AND_EVENT_ORDER_SUPPORTED_CELL_ID_UNPROVEN,true,,,
ADJACENT_DAS_SEQUENCE,,,,,,,,,,,,,,,,,MEDIUM,,UNMEASURED_CURRENT_GAP_NOT_ASSUMED_ZERO,,Chronological ordering is not a complete Coulomb ledger; voltage relaxation across a gap is not an error correction.,<LOCAL_DATA_ROOT>\HPPC_primary_source_提取\SOC34.4到SOC43.7.csv,<LOCAL_DATA_ROOT>\HPPC_primary_source_提取\SOC=43.7 1C放电10s.csv,12:03:26,12:27:13,1427.0,-0.02950000000000008,DATE_AND_EVENT_ORDER_SUPPORTED_CELL_ID_UNPROVEN,true,,,
ADJACENT_DAS_SEQUENCE,,,,,,,,,,,,,,,,,MEDIUM,,UNMEASURED_CURRENT_GAP_NOT_ASSUMED_ZERO,,Chronological ordering is not a complete Coulomb ledger; voltage relaxation across a gap is not an error correction.,<LOCAL_DATA_ROOT>\HPPC_primary_source_提取\SOC=43.7 1C放电10s.csv,<LOCAL_DATA_ROOT>\HPPC_primary_source_提取\SOC=43.7 1C充电10s.csv,12:28:39.830000,12:37:13,513.1699999999983,0.004699999999999704,DATE_AND_EVENT_ORDER_SUPPORTED_CELL_ID_UNPROVEN,true,,,
ADJACENT_DAS_SEQUENCE,,,,,,,,,,,,,,,,,MEDIUM,,UNMEASURED_CURRENT_GAP_NOT_ASSUMED_ZERO,,Chronological ordering is not a complete Coulomb ledger; voltage relaxation across a gap is not an error correction.,<LOCAL_DATA_ROOT>\HPPC_primary_source_提取\SOC=43.7 1C充电10s.csv,<LOCAL_DATA_ROOT>\HPPC_primary_source_提取\SOC43.7到SOC52.5.csv,12:38:47.850000,12:47:50,542.1500000000015,-0.005800000000000249,DATE_AND_EVENT_ORDER_SUPPORTED_CELL_ID_UNPROVEN,true,,,
ADJACENT_DAS_SEQUENCE,,,,,,,,,,,,,,,,,MEDIUM,,UNMEASURED_CURRENT_GAP_NOT_ASSUMED_ZERO,,Chronological ordering is not a complete Coulomb ledger; voltage relaxation across a gap is not an error correction.,<LOCAL_DATA_ROOT>\HPPC_primary_source_提取\SOC43.7到SOC52.5.csv,<LOCAL_DATA_ROOT>\HPPC_primary_source_提取\SOC=52.2 1C放电10s.csv,12:57:50.400000,13:11:44,833.5999999999985,-0.006699999999999928,DATE_AND_EVENT_ORDER_SUPPORTED_CELL_ID_UNPROVEN,true,,,
ADJACENT_DAS_SEQUENCE,,,,,,,,,,,,,,,,,MEDIUM,,UNMEASURED_CURRENT_GAP_NOT_ASSUMED_ZERO,,Chronological ordering is not a complete Coulomb ledger; voltage relaxation across a gap is not an error correction.,<LOCAL_DATA_ROOT>\HPPC_primary_source_提取\SOC=52.2 1C放电10s.csv,<LOCAL_DATA_ROOT>\HPPC_primary_source_提取\SOC=52.2 1C充电10s.csv,13:14:05.600000,13:23:09,543.4000000000015,0.0,DATE_AND_EVENT_ORDER_SUPPORTED_CELL_ID_UNPROVEN,true,,,
ADJACENT_DAS_SEQUENCE,,,,,,,,,,,,,,,,,MEDIUM,,UNMEASURED_CURRENT_GAP_NOT_ASSUMED_ZERO,,Chronological ordering is not a complete Coulomb ledger; voltage relaxation across a gap is not an error correction.,<LOCAL_DATA_ROOT>\HPPC_primary_source_提取\SOC=52.2 1C充电10s.csv,<LOCAL_DATA_ROOT>\HPPC_primary_source_提取\SOC52.2到SOC74.csv,13:24:46.240000,13:32:48,481.76000000000204,-0.0040000000000000036,DATE_AND_EVENT_ORDER_SUPPORTED_CELL_ID_UNPROVEN,true,,,
ADJACENT_DAS_SEQUENCE,,,,,,,,,,,,,,,,,MEDIUM,,UNMEASURED_CURRENT_GAP_NOT_ASSUMED_ZERO,,Chronological ordering is not a complete Coulomb ledger; voltage relaxation across a gap is not an error correction.,<LOCAL_DATA_ROOT>\HPPC_primary_source_提取\SOC52.2到SOC74.csv,<LOCAL_DATA_ROOT>\HPPC_primary_source_提取\SOC=74.0 1C放电10s.csv,13:45:01.100000,14:18:56,2034.9000000000015,-0.03310000000000013,DATE_AND_EVENT_ORDER_SUPPORTED_CELL_ID_UNPROVEN,true,,,
ADJACENT_DAS_SEQUENCE,,,,,,,,,,,,,,,,,MEDIUM,,UNMEASURED_CURRENT_GAP_NOT_ASSUMED_ZERO,,Chronological ordering is not a complete Coulomb ledger; voltage relaxation across a gap is not an error correction.,<LOCAL_DATA_ROOT>\HPPC_primary_source_提取\SOC=74.0 1C放电10s.csv,<LOCAL_DATA_ROOT>\HPPC_primary_source_提取\SOC=74.0 1C充电10s.csv,14:20:22.830000,14:29:08,525.1699999999983,0.0002999999999997449,DATE_AND_EVENT_ORDER_SUPPORTED_CELL_ID_UNPROVEN,true,,,
ADJACENT_DAS_SEQUENCE,,,,,,,,,,,,,,,,,MEDIUM,,UNMEASURED_CURRENT_GAP_NOT_ASSUMED_ZERO,,Chronological ordering is not a complete Coulomb ledger; voltage relaxation across a gap is not an error correction.,<LOCAL_DATA_ROOT>\HPPC_primary_source_提取\SOC=74.0 1C充电10s.csv,<LOCAL_DATA_ROOT>\HPPC_primary_source_提取\SOC74到SOC100.csv,14:31:01.200000,14:39:03,481.8000000000029,-0.005899999999999572,DATE_AND_EVENT_ORDER_SUPPORTED_CELL_ID_UNPROVEN,true,,,
ADJACENT_DAS_SEQUENCE,,,,,,,,,,,,,,,,,MEDIUM,,UNMEASURED_CURRENT_GAP_NOT_ASSUMED_ZERO,,Chronological ordering is not a complete Coulomb ledger; voltage relaxation across a gap is not an error correction.,<LOCAL_DATA_ROOT>\HPPC_primary_source_提取\SOC74到SOC100.csv,<LOCAL_DATA_ROOT>\HPPC_primary_source_提取\SOC=99 1C放电10s.csv,15:07:07.200000,16:29:21,4933.800000000003,-0.016500000000000625,DATE_AND_EVENT_ORDER_SUPPORTED_CELL_ID_UNPROVEN,true,,,
ADJACENT_DAS_SEQUENCE,,,,,,,,,,,,,,,,,MEDIUM,,UNMEASURED_CURRENT_GAP_NOT_ASSUMED_ZERO,,Chronological ordering is not a complete Coulomb ledger; voltage relaxation across a gap is not an error correction.,<LOCAL_DATA_ROOT>\HPPC_primary_source_提取\SOC=99 1C放电10s.csv,<LOCAL_DATA_ROOT>\HPPC_primary_source_提取\SOC=99 1C充电10s.csv,16:31:06.770000,16:39:23,496.2300000000032,0.0034000000000000696,DATE_AND_EVENT_ORDER_SUPPORTED_CELL_ID_UNPROVEN,true,,,
REJECTED_PAIRING_ALTERNATIVE,<LOCAL_DATA_ROOT>\HPPC_primary_source_提取\SOC=19.4 1C放电10s.csv,,,,,,,,,,,,,,,,REJECTED,,,,,,,,,,,,,CHG_001,-202.0699999999997,Not within DAS recording; cannot shift clock or infer pairing from waveform resemblance
