HPPC_file,mode,filename_SOC_pct,historical_document_SOC_pct,transition_expected_SOC_pct,reconstructed_SOC_pct,delta_SOC_pp,reconstruction_lower_bound_pct,reconstruction_upper_bound_pct,anchor_used,anchor_source_file,capacity_basis_Ah,current_source,NGU_segment,NGU_pulse_Q_signed_Ah,NGU_pulse_start_timestamp,unobserved_duration_to_full_anchor_s,unobserved_native_intervals_to_full_anchor,previous_transition_file,next_transition_file,time_gap_to_previous_s,time_gap_to_next_s,voltage_continuity_error_V,chronology_confidence,SOC_reconstruction_confidence,provenance_confidence,source_SHA256,notes
<LOCAL_DATA_ROOT>\HPPC_primary_source_提取\SOC=19.4 1C放电10s.csv,discharge,19.4,,,,,,,NONE_PHYSICAL_ANCHORS_FOUND_BUT_NOT_CONNECTED,<LOCAL_DATA_ROOT>\HPPC_primary_source_提取\HPPC 充电过程全记录.csv,3.275789,UNKNOWN,,,,,,,<LOCAL_DATA_ROOT>\HPPC_primary_source_提取\SOC19.4到SOC34.4.csv,,2218.9300000000003,,NOT_RECONSTRUCTABLE,NOT_RECONSTRUCTABLE,SOC_LABEL_ORIGIN_UNKNOWN,afc18e636dbfab9981e5d9e23f2819c2ab1c75f234c4622f67a3c53cc56e1325,"Measured pulse charge is available when paired; pulse-start absolute SOC, inter-pulse SOC difference and numerical bounds require unobserved gap charge. No zero-gap-current assumption; no filename anchoring."
<LOCAL_DATA_ROOT>\HPPC_primary_source_提取\SOC=19.4 1C放电10s.csv,discharge,19.4,,,,,,,NONE_PHYSICAL_ANCHORS_FOUND_BUT_NOT_CONNECTED,<LOCAL_DATA_ROOT>\HPPC_primary_source_提取\HPPC 充电过程全记录.csv,3.335,UNKNOWN,,,,,,,<LOCAL_DATA_ROOT>\HPPC_primary_source_提取\SOC19.4到SOC34.4.csv,,2218.9300000000003,,NOT_RECONSTRUCTABLE,NOT_RECONSTRUCTABLE,SOC_LABEL_ORIGIN_UNKNOWN,afc18e636dbfab9981e5d9e23f2819c2ab1c75f234c4622f67a3c53cc56e1325,"Measured pulse charge is available when paired; pulse-start absolute SOC, inter-pulse SOC difference and numerical bounds require unobserved gap charge. No zero-gap-current assumption; no filename anchoring."
<LOCAL_DATA_ROOT>\HPPC_primary_source_提取\SOC=19.4 1C放电10s.csv,discharge,19.4,,,,,,,NONE_PHYSICAL_ANCHORS_FOUND_BUT_NOT_CONNECTED,<LOCAL_DATA_ROOT>\HPPC_primary_source_提取\HPPC 充电过程全记录.csv,3.3839,UNKNOWN,,,,,,,<LOCAL_DATA_ROOT>\HPPC_primary_source_提取\SOC19.4到SOC34.4.csv,,2218.9300000000003,,NOT_RECONSTRUCTABLE,NOT_RECONSTRUCTABLE,SOC_LABEL_ORIGIN_UNKNOWN,afc18e636dbfab9981e5d9e23f2819c2ab1c75f234c4622f67a3c53cc56e1325,"Measured pulse charge is available when paired; pulse-start absolute SOC, inter-pulse SOC difference and numerical bounds require unobserved gap charge. No zero-gap-current assumption; no filename anchoring."
<LOCAL_DATA_ROOT>\HPPC_primary_source_提取\SOC=19.4 1C放电10s.csv,discharge,19.4,,,,,,,NONE_PHYSICAL_ANCHORS_FOUND_BUT_NOT_CONNECTED,<LOCAL_DATA_ROOT>\HPPC_primary_source_提取\HPPC 充电过程全记录.csv,3.4123,UNKNOWN,,,,,,,<LOCAL_DATA_ROOT>\HPPC_primary_source_提取\SOC19.4到SOC34.4.csv,,2218.9300000000003,,NOT_RECONSTRUCTABLE,NOT_RECONSTRUCTABLE,SOC_LABEL_ORIGIN_UNKNOWN,afc18e636dbfab9981e5d9e23f2819c2ab1c75f234c4622f67a3c53cc56e1325,"Measured pulse charge is available when paired; pulse-start absolute SOC, inter-pulse SOC difference and numerical bounds require unobserved gap charge. No zero-gap-current assumption; no filename anchoring."
<LOCAL_DATA_ROOT>\HPPC_primary_source_提取\SOC=19.4 1C放电10s.csv,discharge,19.4,,,,,,,NONE_PHYSICAL_ANCHORS_FOUND_BUT_NOT_CONNECTED,<LOCAL_DATA_ROOT>\HPPC_primary_source_提取\HPPC 充电过程全记录.csv,3.5,UNKNOWN,,,,,,,<LOCAL_DATA_ROOT>\HPPC_primary_source_提取\SOC19.4到SOC34.4.csv,,2218.9300000000003,,NOT_RECONSTRUCTABLE,NOT_RECONSTRUCTABLE,SOC_LABEL_ORIGIN_UNKNOWN,afc18e636dbfab9981e5d9e23f2819c2ab1c75f234c4622f67a3c53cc56e1325,"Measured pulse charge is available when paired; pulse-start absolute SOC, inter-pulse SOC difference and numerical bounds require unobserved gap charge. No zero-gap-current assumption; no filename anchoring."
<LOCAL_DATA_ROOT>\HPPC_primary_source_提取\SOC=34.4 1C放电10s.rec,discharge,34.4,,34.4,,,,,NONE_PHYSICAL_ANCHORS_FOUND_BUT_NOT_CONNECTED,<LOCAL_DATA_ROOT>\HPPC_primary_source_提取\HPPC 充电过程全记录.csv,3.275789,<LOCAL_DATA_ROOT>\HPPC_primary_source_提取\HPPC 充电过程全记录.csv,CHG_004,-0.008501084027777777,11:49:30.900000,8406.599999999999,8405,<LOCAL_DATA_ROOT>\HPPC_primary_source_提取\SOC19.4到SOC34.4.csv,<LOCAL_DATA_ROOT>\HPPC_primary_source_提取\SOC34.4到SOC43.7.csv,231.3000000000029,605.3099999999977,,MEDIUM,NOT_RECONSTRUCTABLE,SOC_LABEL_ORIGIN_UNKNOWN,467c54621a2ba7109fff7cd1ec39d6256f1305df70d134f4daa347d5c8982d6f,"Measured pulse charge is available when paired; pulse-start absolute SOC, inter-pulse SOC difference and numerical bounds require unobserved gap charge. No zero-gap-current assumption; no filename anchoring."
<LOCAL_DATA_ROOT>\HPPC_primary_source_提取\SOC=34.4 1C放电10s.rec,discharge,34.4,,34.4,,,,,NONE_PHYSICAL_ANCHORS_FOUND_BUT_NOT_CONNECTED,<LOCAL_DATA_ROOT>\HPPC_primary_source_提取\HPPC 充电过程全记录.csv,3.335,<LOCAL_DATA_ROOT>\HPPC_primary_source_提取\HPPC 充电过程全记录.csv,CHG_004,-0.008501084027777777,11:49:30.900000,8406.599999999999,8405,<LOCAL_DATA_ROOT>\HPPC_primary_source_提取\SOC19.4到SOC34.4.csv,<LOCAL_DATA_ROOT>\HPPC_primary_source_提取\SOC34.4到SOC43.7.csv,231.3000000000029,605.3099999999977,,MEDIUM,NOT_RECONSTRUCTABLE,SOC_LABEL_ORIGIN_UNKNOWN,467c54621a2ba7109fff7cd1ec39d6256f1305df70d134f4daa347d5c8982d6f,"Measured pulse charge is available when paired; pulse-start absolute SOC, inter-pulse SOC difference and numerical bounds require unobserved gap charge. No zero-gap-current assumption; no filename anchoring."
<LOCAL_DATA_ROOT>\HPPC_primary_source_提取\SOC=34.4 1C放电10s.rec,discharge,34.4,,34.4,,,,,NONE_PHYSICAL_ANCHORS_FOUND_BUT_NOT_CONNECTED,<LOCAL_DATA_ROOT>\HPPC_primary_source_提取\HPPC 充电过程全记录.csv,3.3839,<LOCAL_DATA_ROOT>\HPPC_primary_source_提取\HPPC 充电过程全记录.csv,CHG_004,-0.008501084027777777,11:49:30.900000,8406.599999999999,8405,<LOCAL_DATA_ROOT>\HPPC_primary_source_提取\SOC19.4到SOC34.4.csv,<LOCAL_DATA_ROOT>\HPPC_primary_source_提取\SOC34.4到SOC43.7.csv,231.3000000000029,605.3099999999977,,MEDIUM,NOT_RECONSTRUCTABLE,SOC_LABEL_ORIGIN_UNKNOWN,467c54621a2ba7109fff7cd1ec39d6256f1305df70d134f4daa347d5c8982d6f,"Measured pulse charge is available when paired; pulse-start absolute SOC, inter-pulse SOC difference and numerical bounds require unobserved gap charge. No zero-gap-current assumption; no filename anchoring."
<LOCAL_DATA_ROOT>\HPPC_primary_source_提取\SOC=34.4 1C放电10s.rec,discharge,34.4,,34.4,,,,,NONE_PHYSICAL_ANCHORS_FOUND_BUT_NOT_CONNECTED,<LOCAL_DATA_ROOT>\HPPC_primary_source_提取\HPPC 充电过程全记录.csv,3.4123,<LOCAL_DATA_ROOT>\HPPC_primary_source_提取\HPPC 充电过程全记录.csv,CHG_004,-0.008501084027777777,11:49:30.900000,8406.599999999999,8405,<LOCAL_DATA_ROOT>\HPPC_primary_source_提取\SOC19.4到SOC34.4.csv,<LOCAL_DATA_ROOT>\HPPC_primary_source_提取\SOC34.4到SOC43.7.csv,231.3000000000029,605.3099999999977,,MEDIUM,NOT_RECONSTRUCTABLE,SOC_LABEL_ORIGIN_UNKNOWN,467c54621a2ba7109fff7cd1ec39d6256f1305df70d134f4daa347d5c8982d6f,"Measured pulse charge is available when paired; pulse-start absolute SOC, inter-pulse SOC difference and numerical bounds require unobserved gap charge. No zero-gap-current assumption; no filename anchoring."
<LOCAL_DATA_ROOT>\HPPC_primary_source_提取\SOC=34.4 1C放电10s.rec,discharge,34.4,,34.4,,,,,NONE_PHYSICAL_ANCHORS_FOUND_BUT_NOT_CONNECTED,<LOCAL_DATA_ROOT>\HPPC_primary_source_提取\HPPC 充电过程全记录.csv,3.5,<LOCAL_DATA_ROOT>\HPPC_primary_source_提取\HPPC 充电过程全记录.csv,CHG_004,-0.008501084027777777,11:49:30.900000,8406.599999999999,8405,<LOCAL_DATA_ROOT>\HPPC_primary_source_提取\SOC19.4到SOC34.4.csv,<LOCAL_DATA_ROOT>\HPPC_primary_source_提取\SOC34.4到SOC43.7.csv,231.3000000000029,605.3099999999977,,MEDIUM,NOT_RECONSTRUCTABLE,SOC_LABEL_ORIGIN_UNKNOWN,467c54621a2ba7109fff7cd1ec39d6256f1305df70d134f4daa347d5c8982d6f,"Measured pulse charge is available when paired; pulse-start absolute SOC, inter-pulse SOC difference and numerical bounds require unobserved gap charge. No zero-gap-current assumption; no filename anchoring."
<LOCAL_DATA_ROOT>\HPPC_primary_source_提取\SOC=34.4 1C充电10s.rec,charge,34.4,,34.4,,,,,NONE_PHYSICAL_ANCHORS_FOUND_BUT_NOT_CONNECTED,<LOCAL_DATA_ROOT>\HPPC_primary_source_提取\HPPC 充电过程全记录.csv,3.275789,<LOCAL_DATA_ROOT>\HPPC_primary_source_提取\HPPC 充电过程全记录.csv,CHG_005,0.00849966138888889,11:55:00.900000,8085.5999999999985,8084,<LOCAL_DATA_ROOT>\HPPC_primary_source_提取\SOC19.4到SOC34.4.csv,<LOCAL_DATA_ROOT>\HPPC_primary_source_提取\SOC34.4到SOC43.7.csv,548.3000000000029,276.1600000000035,,MEDIUM,NOT_RECONSTRUCTABLE,SOC_LABEL_ORIGIN_UNKNOWN,924839536cfe0bb302c8149190885f885df54b6bd6a1097b15662e78495bddae,"Measured pulse charge is available when paired; pulse-start absolute SOC, inter-pulse SOC difference and numerical bounds require unobserved gap charge. No zero-gap-current assumption; no filename anchoring."
<LOCAL_DATA_ROOT>\HPPC_primary_source_提取\SOC=34.4 1C充电10s.rec,charge,34.4,,34.4,,,,,NONE_PHYSICAL_ANCHORS_FOUND_BUT_NOT_CONNECTED,<LOCAL_DATA_ROOT>\HPPC_primary_source_提取\HPPC 充电过程全记录.csv,3.335,<LOCAL_DATA_ROOT>\HPPC_primary_source_提取\HPPC 充电过程全记录.csv,CHG_005,0.00849966138888889,11:55:00.900000,8085.5999999999985,8084,<LOCAL_DATA_ROOT>\HPPC_primary_source_提取\SOC19.4到SOC34.4.csv,<LOCAL_DATA_ROOT>\HPPC_primary_source_提取\SOC34.4到SOC43.7.csv,548.3000000000029,276.1600000000035,,MEDIUM,NOT_RECONSTRUCTABLE,SOC_LABEL_ORIGIN_UNKNOWN,924839536cfe0bb302c8149190885f885df54b6bd6a1097b15662e78495bddae,"Measured pulse charge is available when paired; pulse-start absolute SOC, inter-pulse SOC difference and numerical bounds require unobserved gap charge. No zero-gap-current assumption; no filename anchoring."
<LOCAL_DATA_ROOT>\HPPC_primary_source_提取\SOC=34.4 1C充电10s.rec,charge,34.4,,34.4,,,,,NONE_PHYSICAL_ANCHORS_FOUND_BUT_NOT_CONNECTED,<LOCAL_DATA_ROOT>\HPPC_primary_source_提取\HPPC 充电过程全记录.csv,3.3839,<LOCAL_DATA_ROOT>\HPPC_primary_source_提取\HPPC 充电过程全记录.csv,CHG_005,0.00849966138888889,11:55:00.900000,8085.5999999999985,8084,<LOCAL_DATA_ROOT>\HPPC_primary_source_提取\SOC19.4到SOC34.4.csv,<LOCAL_DATA_ROOT>\HPPC_primary_source_提取\SOC34.4到SOC43.7.csv,548.3000000000029,276.1600000000035,,MEDIUM,NOT_RECONSTRUCTABLE,SOC_LABEL_ORIGIN_UNKNOWN,924839536cfe0bb302c8149190885f885df54b6bd6a1097b15662e78495bddae,"Measured pulse charge is available when paired; pulse-start absolute SOC, inter-pulse SOC difference and numerical bounds require unobserved gap charge. No zero-gap-current assumption; no filename anchoring."
<LOCAL_DATA_ROOT>\HPPC_primary_source_提取\SOC=34.4 1C充电10s.rec,charge,34.4,,34.4,,,,,NONE_PHYSICAL_ANCHORS_FOUND_BUT_NOT_CONNECTED,<LOCAL_DATA_ROOT>\HPPC_primary_source_提取\HPPC 充电过程全记录.csv,3.4123,<LOCAL_DATA_ROOT>\HPPC_primary_source_提取\HPPC 充电过程全记录.csv,CHG_005,0.00849966138888889,11:55:00.900000,8085.5999999999985,8084,<LOCAL_DATA_ROOT>\HPPC_primary_source_提取\SOC19.4到SOC34.4.csv,<LOCAL_DATA_ROOT>\HPPC_primary_source_提取\SOC34.4到SOC43.7.csv,548.3000000000029,276.1600000000035,,MEDIUM,NOT_RECONSTRUCTABLE,SOC_LABEL_ORIGIN_UNKNOWN,924839536cfe0bb302c8149190885f885df54b6bd6a1097b15662e78495bddae,"Measured pulse charge is available when paired; pulse-start absolute SOC, inter-pulse SOC difference and numerical bounds require unobserved gap charge. No zero-gap-current assumption; no filename anchoring."
<LOCAL_DATA_ROOT>\HPPC_primary_source_提取\SOC=34.4 1C充电10s.rec,charge,34.4,,34.4,,,,,NONE_PHYSICAL_ANCHORS_FOUND_BUT_NOT_CONNECTED,<LOCAL_DATA_ROOT>\HPPC_primary_source_提取\HPPC 充电过程全记录.csv,3.5,<LOCAL_DATA_ROOT>\HPPC_primary_source_提取\HPPC 充电过程全记录.csv,CHG_005,0.00849966138888889,11:55:00.900000,8085.5999999999985,8084,<LOCAL_DATA_ROOT>\HPPC_primary_source_提取\SOC19.4到SOC34.4.csv,<LOCAL_DATA_ROOT>\HPPC_primary_source_提取\SOC34.4到SOC43.7.csv,548.3000000000029,276.1600000000035,,MEDIUM,NOT_RECONSTRUCTABLE,SOC_LABEL_ORIGIN_UNKNOWN,924839536cfe0bb302c8149190885f885df54b6bd6a1097b15662e78495bddae,"Measured pulse charge is available when paired; pulse-start absolute SOC, inter-pulse SOC difference and numerical bounds require unobserved gap charge. No zero-gap-current assumption; no filename anchoring."
<LOCAL_DATA_ROOT>\HPPC_primary_source_提取\SOC=43.7 1C放电10s.csv,discharge,43.7,,43.7,,,,,NONE_PHYSICAL_ANCHORS_FOUND_BUT_NOT_CONNECTED,<LOCAL_DATA_ROOT>\HPPC_primary_source_提取\HPPC 充电过程全记录.csv,3.275789,<LOCAL_DATA_ROOT>\HPPC_primary_source_提取\HPPC 充电过程全记录.csv,CHG_007,-0.008501175833333333,12:27:30.800000,6210.699999999997,6209,<LOCAL_DATA_ROOT>\HPPC_primary_source_提取\SOC34.4到SOC43.7.csv,<LOCAL_DATA_ROOT>\HPPC_primary_source_提取\SOC43.7到SOC52.5.csv,1427.0,1150.1699999999983,0.008838000000000124,HIGH,NOT_RECONSTRUCTABLE,SOC_LABEL_ORIGIN_UNKNOWN,8cb50dde559b69855fa9628ed6cf832a47ca764f8758c22d9b6b056f51a4431e,"Measured pulse charge is available when paired; pulse-start absolute SOC, inter-pulse SOC difference and numerical bounds require unobserved gap charge. No zero-gap-current assumption; no filename anchoring."
<LOCAL_DATA_ROOT>\HPPC_primary_source_提取\SOC=43.7 1C放电10s.csv,discharge,43.7,,43.7,,,,,NONE_PHYSICAL_ANCHORS_FOUND_BUT_NOT_CONNECTED,<LOCAL_DATA_ROOT>\HPPC_primary_source_提取\HPPC 充电过程全记录.csv,3.335,<LOCAL_DATA_ROOT>\HPPC_primary_source_提取\HPPC 充电过程全记录.csv,CHG_007,-0.008501175833333333,12:27:30.800000,6210.699999999997,6209,<LOCAL_DATA_ROOT>\HPPC_primary_source_提取\SOC34.4到SOC43.7.csv,<LOCAL_DATA_ROOT>\HPPC_primary_source_提取\SOC43.7到SOC52.5.csv,1427.0,1150.1699999999983,0.008838000000000124,HIGH,NOT_RECONSTRUCTABLE,SOC_LABEL_ORIGIN_UNKNOWN,8cb50dde559b69855fa9628ed6cf832a47ca764f8758c22d9b6b056f51a4431e,"Measured pulse charge is available when paired; pulse-start absolute SOC, inter-pulse SOC difference and numerical bounds require unobserved gap charge. No zero-gap-current assumption; no filename anchoring."
<LOCAL_DATA_ROOT>\HPPC_primary_source_提取\SOC=43.7 1C放电10s.csv,discharge,43.7,,43.7,,,,,NONE_PHYSICAL_ANCHORS_FOUND_BUT_NOT_CONNECTED,<LOCAL_DATA_ROOT>\HPPC_primary_source_提取\HPPC 充电过程全记录.csv,3.3839,<LOCAL_DATA_ROOT>\HPPC_primary_source_提取\HPPC 充电过程全记录.csv,CHG_007,-0.008501175833333333,12:27:30.800000,6210.699999999997,6209,<LOCAL_DATA_ROOT>\HPPC_primary_source_提取\SOC34.4到SOC43.7.csv,<LOCAL_DATA_ROOT>\HPPC_primary_source_提取\SOC43.7到SOC52.5.csv,1427.0,1150.1699999999983,0.008838000000000124,HIGH,NOT_RECONSTRUCTABLE,SOC_LABEL_ORIGIN_UNKNOWN,8cb50dde559b69855fa9628ed6cf832a47ca764f8758c22d9b6b056f51a4431e,"Measured pulse charge is available when paired; pulse-start absolute SOC, inter-pulse SOC difference and numerical bounds require unobserved gap charge. No zero-gap-current assumption; no filename anchoring."
<LOCAL_DATA_ROOT>\HPPC_primary_source_提取\SOC=43.7 1C放电10s.csv,discharge,43.7,,43.7,,,,,NONE_PHYSICAL_ANCHORS_FOUND_BUT_NOT_CONNECTED,<LOCAL_DATA_ROOT>\HPPC_primary_source_提取\HPPC 充电过程全记录.csv,3.4123,<LOCAL_DATA_ROOT>\HPPC_primary_source_提取\HPPC 充电过程全记录.csv,CHG_007,-0.008501175833333333,12:27:30.800000,6210.699999999997,6209,<LOCAL_DATA_ROOT>\HPPC_primary_source_提取\SOC34.4到SOC43.7.csv,<LOCAL_DATA_ROOT>\HPPC_primary_source_提取\SOC43.7到SOC52.5.csv,1427.0,1150.1699999999983,0.008838000000000124,HIGH,NOT_RECONSTRUCTABLE,SOC_LABEL_ORIGIN_UNKNOWN,8cb50dde559b69855fa9628ed6cf832a47ca764f8758c22d9b6b056f51a4431e,"Measured pulse charge is available when paired; pulse-start absolute SOC, inter-pulse SOC difference and numerical bounds require unobserved gap charge. No zero-gap-current assumption; no filename anchoring."
<LOCAL_DATA_ROOT>\HPPC_primary_source_提取\SOC=43.7 1C放电10s.csv,discharge,43.7,,43.7,,,,,NONE_PHYSICAL_ANCHORS_FOUND_BUT_NOT_CONNECTED,<LOCAL_DATA_ROOT>\HPPC_primary_source_提取\HPPC 充电过程全记录.csv,3.5,<LOCAL_DATA_ROOT>\HPPC_primary_source_提取\HPPC 充电过程全记录.csv,CHG_007,-0.008501175833333333,12:27:30.800000,6210.699999999997,6209,<LOCAL_DATA_ROOT>\HPPC_primary_source_提取\SOC34.4到SOC43.7.csv,<LOCAL_DATA_ROOT>\HPPC_primary_source_提取\SOC43.7到SOC52.5.csv,1427.0,1150.1699999999983,0.008838000000000124,HIGH,NOT_RECONSTRUCTABLE,SOC_LABEL_ORIGIN_UNKNOWN,8cb50dde559b69855fa9628ed6cf832a47ca764f8758c22d9b6b056f51a4431e,"Measured pulse charge is available when paired; pulse-start absolute SOC, inter-pulse SOC difference and numerical bounds require unobserved gap charge. No zero-gap-current assumption; no filename anchoring."
<LOCAL_DATA_ROOT>\HPPC_primary_source_提取\SOC=43.7 1C充电10s.csv,charge,43.7,,43.7,,,,,NONE_PHYSICAL_ANCHORS_FOUND_BUT_NOT_CONNECTED,<LOCAL_DATA_ROOT>\HPPC_primary_source_提取\HPPC 充电过程全记录.csv,3.275789,<LOCAL_DATA_ROOT>\HPPC_primary_source_提取\HPPC 充电过程全记录.csv,CHG_008,0.008499601666666669,12:37:40.800000,5609.699999999997,5608,<LOCAL_DATA_ROOT>\HPPC_primary_source_提取\SOC34.4到SOC43.7.csv,<LOCAL_DATA_ROOT>\HPPC_primary_source_提取\SOC43.7到SOC52.5.csv,2027.0,542.1500000000015,0.002607500000000096,HIGH,NOT_RECONSTRUCTABLE,SOC_LABEL_ORIGIN_UNKNOWN,7b21c9a15a1f09ff1e0b9e06cf048491fbd5f7b860a0522262d235563a506fb0,"Measured pulse charge is available when paired; pulse-start absolute SOC, inter-pulse SOC difference and numerical bounds require unobserved gap charge. No zero-gap-current assumption; no filename anchoring."
<LOCAL_DATA_ROOT>\HPPC_primary_source_提取\SOC=43.7 1C充电10s.csv,charge,43.7,,43.7,,,,,NONE_PHYSICAL_ANCHORS_FOUND_BUT_NOT_CONNECTED,<LOCAL_DATA_ROOT>\HPPC_primary_source_提取\HPPC 充电过程全记录.csv,3.335,<LOCAL_DATA_ROOT>\HPPC_primary_source_提取\HPPC 充电过程全记录.csv,CHG_008,0.008499601666666669,12:37:40.800000,5609.699999999997,5608,<LOCAL_DATA_ROOT>\HPPC_primary_source_提取\SOC34.4到SOC43.7.csv,<LOCAL_DATA_ROOT>\HPPC_primary_source_提取\SOC43.7到SOC52.5.csv,2027.0,542.1500000000015,0.002607500000000096,HIGH,NOT_RECONSTRUCTABLE,SOC_LABEL_ORIGIN_UNKNOWN,7b21c9a15a1f09ff1e0b9e06cf048491fbd5f7b860a0522262d235563a506fb0,"Measured pulse charge is available when paired; pulse-start absolute SOC, inter-pulse SOC difference and numerical bounds require unobserved gap charge. No zero-gap-current assumption; no filename anchoring."
<LOCAL_DATA_ROOT>\HPPC_primary_source_提取\SOC=43.7 1C充电10s.csv,charge,43.7,,43.7,,,,,NONE_PHYSICAL_ANCHORS_FOUND_BUT_NOT_CONNECTED,<LOCAL_DATA_ROOT>\HPPC_primary_source_提取\HPPC 充电过程全记录.csv,3.3839,<LOCAL_DATA_ROOT>\HPPC_primary_source_提取\HPPC 充电过程全记录.csv,CHG_008,0.008499601666666669,12:37:40.800000,5609.699999999997,5608,<LOCAL_DATA_ROOT>\HPPC_primary_source_提取\SOC34.4到SOC43.7.csv,<LOCAL_DATA_ROOT>\HPPC_primary_source_提取\SOC43.7到SOC52.5.csv,2027.0,542.1500000000015,0.002607500000000096,HIGH,NOT_RECONSTRUCTABLE,SOC_LABEL_ORIGIN_UNKNOWN,7b21c9a15a1f09ff1e0b9e06cf048491fbd5f7b860a0522262d235563a506fb0,"Measured pulse charge is available when paired; pulse-start absolute SOC, inter-pulse SOC difference and numerical bounds require unobserved gap charge. No zero-gap-current assumption; no filename anchoring."
<LOCAL_DATA_ROOT>\HPPC_primary_source_提取\SOC=43.7 1C充电10s.csv,charge,43.7,,43.7,,,,,NONE_PHYSICAL_ANCHORS_FOUND_BUT_NOT_CONNECTED,<LOCAL_DATA_ROOT>\HPPC_primary_source_提取\HPPC 充电过程全记录.csv,3.4123,<LOCAL_DATA_ROOT>\HPPC_primary_source_提取\HPPC 充电过程全记录.csv,CHG_008,0.008499601666666669,12:37:40.800000,5609.699999999997,5608,<LOCAL_DATA_ROOT>\HPPC_primary_source_提取\SOC34.4到SOC43.7.csv,<LOCAL_DATA_ROOT>\HPPC_primary_source_提取\SOC43.7到SOC52.5.csv,2027.0,542.1500000000015,0.002607500000000096,HIGH,NOT_RECONSTRUCTABLE,SOC_LABEL_ORIGIN_UNKNOWN,7b21c9a15a1f09ff1e0b9e06cf048491fbd5f7b860a0522262d235563a506fb0,"Measured pulse charge is available when paired; pulse-start absolute SOC, inter-pulse SOC difference and numerical bounds require unobserved gap charge. No zero-gap-current assumption; no filename anchoring."
<LOCAL_DATA_ROOT>\HPPC_primary_source_提取\SOC=43.7 1C充电10s.csv,charge,43.7,,43.7,,,,,NONE_PHYSICAL_ANCHORS_FOUND_BUT_NOT_CONNECTED,<LOCAL_DATA_ROOT>\HPPC_primary_source_提取\HPPC 充电过程全记录.csv,3.5,<LOCAL_DATA_ROOT>\HPPC_primary_source_提取\HPPC 充电过程全记录.csv,CHG_008,0.008499601666666669,12:37:40.800000,5609.699999999997,5608,<LOCAL_DATA_ROOT>\HPPC_primary_source_提取\SOC34.4到SOC43.7.csv,<LOCAL_DATA_ROOT>\HPPC_primary_source_提取\SOC43.7到SOC52.5.csv,2027.0,542.1500000000015,0.002607500000000096,HIGH,NOT_RECONSTRUCTABLE,SOC_LABEL_ORIGIN_UNKNOWN,7b21c9a15a1f09ff1e0b9e06cf048491fbd5f7b860a0522262d235563a506fb0,"Measured pulse charge is available when paired; pulse-start absolute SOC, inter-pulse SOC difference and numerical bounds require unobserved gap charge. No zero-gap-current assumption; no filename anchoring."
<LOCAL_DATA_ROOT>\HPPC_primary_source_提取\SOC=52.2 1C放电10s.csv,discharge,52.2,,52.5,,,,,NONE_PHYSICAL_ANCHORS_FOUND_BUT_NOT_CONNECTED,<LOCAL_DATA_ROOT>\HPPC_primary_source_提取\HPPC 充电过程全记录.csv,3.275789,<LOCAL_DATA_ROOT>\HPPC_primary_source_提取\HPPC 充电过程全记录.csv,CHG_010,-0.008501200277777777,13:12:01.700000,3732.800000000003,3731,<LOCAL_DATA_ROOT>\HPPC_primary_source_提取\SOC43.7到SOC52.5.csv,<LOCAL_DATA_ROOT>\HPPC_primary_source_提取\SOC52.2到SOC74.csv,833.5999999999985,1122.4000000000015,0.003956999999999766,HIGH,NOT_RECONSTRUCTABLE,SOC_LABEL_ORIGIN_UNKNOWN,6fb4f8b68514058f7d273f28bd52b6bfc86ac5f7ed291ccb04eec14e0079292c,"Measured pulse charge is available when paired; pulse-start absolute SOC, inter-pulse SOC difference and numerical bounds require unobserved gap charge. No zero-gap-current assumption; no filename anchoring."
<LOCAL_DATA_ROOT>\HPPC_primary_source_提取\SOC=52.2 1C放电10s.csv,discharge,52.2,,52.5,,,,,NONE_PHYSICAL_ANCHORS_FOUND_BUT_NOT_CONNECTED,<LOCAL_DATA_ROOT>\HPPC_primary_source_提取\HPPC 充电过程全记录.csv,3.335,<LOCAL_DATA_ROOT>\HPPC_primary_source_提取\HPPC 充电过程全记录.csv,CHG_010,-0.008501200277777777,13:12:01.700000,3732.800000000003,3731,<LOCAL_DATA_ROOT>\HPPC_primary_source_提取\SOC43.7到SOC52.5.csv,<LOCAL_DATA_ROOT>\HPPC_primary_source_提取\SOC52.2到SOC74.csv,833.5999999999985,1122.4000000000015,0.003956999999999766,HIGH,NOT_RECONSTRUCTABLE,SOC_LABEL_ORIGIN_UNKNOWN,6fb4f8b68514058f7d273f28bd52b6bfc86ac5f7ed291ccb04eec14e0079292c,"Measured pulse charge is available when paired; pulse-start absolute SOC, inter-pulse SOC difference and numerical bounds require unobserved gap charge. No zero-gap-current assumption; no filename anchoring."
<LOCAL_DATA_ROOT>\HPPC_primary_source_提取\SOC=52.2 1C放电10s.csv,discharge,52.2,,52.5,,,,,NONE_PHYSICAL_ANCHORS_FOUND_BUT_NOT_CONNECTED,<LOCAL_DATA_ROOT>\HPPC_primary_source_提取\HPPC 充电过程全记录.csv,3.3839,<LOCAL_DATA_ROOT>\HPPC_primary_source_提取\HPPC 充电过程全记录.csv,CHG_010,-0.008501200277777777,13:12:01.700000,3732.800000000003,3731,<LOCAL_DATA_ROOT>\HPPC_primary_source_提取\SOC43.7到SOC52.5.csv,<LOCAL_DATA_ROOT>\HPPC_primary_source_提取\SOC52.2到SOC74.csv,833.5999999999985,1122.4000000000015,0.003956999999999766,HIGH,NOT_RECONSTRUCTABLE,SOC_LABEL_ORIGIN_UNKNOWN,6fb4f8b68514058f7d273f28bd52b6bfc86ac5f7ed291ccb04eec14e0079292c,"Measured pulse charge is available when paired; pulse-start absolute SOC, inter-pulse SOC difference and numerical bounds require unobserved gap charge. No zero-gap-current assumption; no filename anchoring."
<LOCAL_DATA_ROOT>\HPPC_primary_source_提取\SOC=52.2 1C放电10s.csv,discharge,52.2,,52.5,,,,,NONE_PHYSICAL_ANCHORS_FOUND_BUT_NOT_CONNECTED,<LOCAL_DATA_ROOT>\HPPC_primary_source_提取\HPPC 充电过程全记录.csv,3.4123,<LOCAL_DATA_ROOT>\HPPC_primary_source_提取\HPPC 充电过程全记录.csv,CHG_010,-0.008501200277777777,13:12:01.700000,3732.800000000003,3731,<LOCAL_DATA_ROOT>\HPPC_primary_source_提取\SOC43.7到SOC52.5.csv,<LOCAL_DATA_ROOT>\HPPC_primary_source_提取\SOC52.2到SOC74.csv,833.5999999999985,1122.4000000000015,0.003956999999999766,HIGH,NOT_RECONSTRUCTABLE,SOC_LABEL_ORIGIN_UNKNOWN,6fb4f8b68514058f7d273f28bd52b6bfc86ac5f7ed291ccb04eec14e0079292c,"Measured pulse charge is available when paired; pulse-start absolute SOC, inter-pulse SOC difference and numerical bounds require unobserved gap charge. No zero-gap-current assumption; no filename anchoring."
<LOCAL_DATA_ROOT>\HPPC_primary_source_提取\SOC=52.2 1C放电10s.csv,discharge,52.2,,52.5,,,,,NONE_PHYSICAL_ANCHORS_FOUND_BUT_NOT_CONNECTED,<LOCAL_DATA_ROOT>\HPPC_primary_source_提取\HPPC 充电过程全记录.csv,3.5,<LOCAL_DATA_ROOT>\HPPC_primary_source_提取\HPPC 充电过程全记录.csv,CHG_010,-0.008501200277777777,13:12:01.700000,3732.800000000003,3731,<LOCAL_DATA_ROOT>\HPPC_primary_source_提取\SOC43.7到SOC52.5.csv,<LOCAL_DATA_ROOT>\HPPC_primary_source_提取\SOC52.2到SOC74.csv,833.5999999999985,1122.4000000000015,0.003956999999999766,HIGH,NOT_RECONSTRUCTABLE,SOC_LABEL_ORIGIN_UNKNOWN,6fb4f8b68514058f7d273f28bd52b6bfc86ac5f7ed291ccb04eec14e0079292c,"Measured pulse charge is available when paired; pulse-start absolute SOC, inter-pulse SOC difference and numerical bounds require unobserved gap charge. No zero-gap-current assumption; no filename anchoring."
<LOCAL_DATA_ROOT>\HPPC_primary_source_提取\SOC=52.2 1C充电10s.csv,charge,52.2,,52.5,,,,,NONE_PHYSICAL_ANCHORS_FOUND_BUT_NOT_CONNECTED,<LOCAL_DATA_ROOT>\HPPC_primary_source_提取\HPPC 充电过程全记录.csv,3.275789,<LOCAL_DATA_ROOT>\HPPC_primary_source_提取\HPPC 充电过程全记录.csv,CHG_011,0.009341859444444444,13:23:20.600000,3062.9000000000015,3061,<LOCAL_DATA_ROOT>\HPPC_primary_source_提取\SOC43.7到SOC52.5.csv,<LOCAL_DATA_ROOT>\HPPC_primary_source_提取\SOC52.2到SOC74.csv,1518.5999999999985,481.76000000000204,0.0011450000000001737,HIGH,NOT_RECONSTRUCTABLE,SOC_LABEL_ORIGIN_UNKNOWN,7aa45be9fde5138bebc4bf61494c2ae07ffabd40ec036380bb91b2888d3ca613,"Measured pulse charge is available when paired; pulse-start absolute SOC, inter-pulse SOC difference and numerical bounds require unobserved gap charge. No zero-gap-current assumption; no filename anchoring."
<LOCAL_DATA_ROOT>\HPPC_primary_source_提取\SOC=52.2 1C充电10s.csv,charge,52.2,,52.5,,,,,NONE_PHYSICAL_ANCHORS_FOUND_BUT_NOT_CONNECTED,<LOCAL_DATA_ROOT>\HPPC_primary_source_提取\HPPC 充电过程全记录.csv,3.335,<LOCAL_DATA_ROOT>\HPPC_primary_source_提取\HPPC 充电过程全记录.csv,CHG_011,0.009341859444444444,13:23:20.600000,3062.9000000000015,3061,<LOCAL_DATA_ROOT>\HPPC_primary_source_提取\SOC43.7到SOC52.5.csv,<LOCAL_DATA_ROOT>\HPPC_primary_source_提取\SOC52.2到SOC74.csv,1518.5999999999985,481.76000000000204,0.0011450000000001737,HIGH,NOT_RECONSTRUCTABLE,SOC_LABEL_ORIGIN_UNKNOWN,7aa45be9fde5138bebc4bf61494c2ae07ffabd40ec036380bb91b2888d3ca613,"Measured pulse charge is available when paired; pulse-start absolute SOC, inter-pulse SOC difference and numerical bounds require unobserved gap charge. No zero-gap-current assumption; no filename anchoring."
<LOCAL_DATA_ROOT>\HPPC_primary_source_提取\SOC=52.2 1C充电10s.csv,charge,52.2,,52.5,,,,,NONE_PHYSICAL_ANCHORS_FOUND_BUT_NOT_CONNECTED,<LOCAL_DATA_ROOT>\HPPC_primary_source_提取\HPPC 充电过程全记录.csv,3.3839,<LOCAL_DATA_ROOT>\HPPC_primary_source_提取\HPPC 充电过程全记录.csv,CHG_011,0.009341859444444444,13:23:20.600000,3062.9000000000015,3061,<LOCAL_DATA_ROOT>\HPPC_primary_source_提取\SOC43.7到SOC52.5.csv,<LOCAL_DATA_ROOT>\HPPC_primary_source_提取\SOC52.2到SOC74.csv,1518.5999999999985,481.76000000000204,0.0011450000000001737,HIGH,NOT_RECONSTRUCTABLE,SOC_LABEL_ORIGIN_UNKNOWN,7aa45be9fde5138bebc4bf61494c2ae07ffabd40ec036380bb91b2888d3ca613,"Measured pulse charge is available when paired; pulse-start absolute SOC, inter-pulse SOC difference and numerical bounds require unobserved gap charge. No zero-gap-current assumption; no filename anchoring."
<LOCAL_DATA_ROOT>\HPPC_primary_source_提取\SOC=52.2 1C充电10s.csv,charge,52.2,,52.5,,,,,NONE_PHYSICAL_ANCHORS_FOUND_BUT_NOT_CONNECTED,<LOCAL_DATA_ROOT>\HPPC_primary_source_提取\HPPC 充电过程全记录.csv,3.4123,<LOCAL_DATA_ROOT>\HPPC_primary_source_提取\HPPC 充电过程全记录.csv,CHG_011,0.009341859444444444,13:23:20.600000,3062.9000000000015,3061,<LOCAL_DATA_ROOT>\HPPC_primary_source_提取\SOC43.7到SOC52.5.csv,<LOCAL_DATA_ROOT>\HPPC_primary_source_提取\SOC52.2到SOC74.csv,1518.5999999999985,481.76000000000204,0.0011450000000001737,HIGH,NOT_RECONSTRUCTABLE,SOC_LABEL_ORIGIN_UNKNOWN,7aa45be9fde5138bebc4bf61494c2ae07ffabd40ec036380bb91b2888d3ca613,"Measured pulse charge is available when paired; pulse-start absolute SOC, inter-pulse SOC difference and numerical bounds require unobserved gap charge. No zero-gap-current assumption; no filename anchoring."
<LOCAL_DATA_ROOT>\HPPC_primary_source_提取\SOC=52.2 1C充电10s.csv,charge,52.2,,52.5,,,,,NONE_PHYSICAL_ANCHORS_FOUND_BUT_NOT_CONNECTED,<LOCAL_DATA_ROOT>\HPPC_primary_source_提取\HPPC 充电过程全记录.csv,3.5,<LOCAL_DATA_ROOT>\HPPC_primary_source_提取\HPPC 充电过程全记录.csv,CHG_011,0.009341859444444444,13:23:20.600000,3062.9000000000015,3061,<LOCAL_DATA_ROOT>\HPPC_primary_source_提取\SOC43.7到SOC52.5.csv,<LOCAL_DATA_ROOT>\HPPC_primary_source_提取\SOC52.2到SOC74.csv,1518.5999999999985,481.76000000000204,0.0011450000000001737,HIGH,NOT_RECONSTRUCTABLE,SOC_LABEL_ORIGIN_UNKNOWN,7aa45be9fde5138bebc4bf61494c2ae07ffabd40ec036380bb91b2888d3ca613,"Measured pulse charge is available when paired; pulse-start absolute SOC, inter-pulse SOC difference and numerical bounds require unobserved gap charge. No zero-gap-current assumption; no filename anchoring."
<LOCAL_DATA_ROOT>\HPPC_primary_source_提取\SOC=74.0 1C放电10s.csv,discharge,74.0,,74.0,,,,,NONE_PHYSICAL_ANCHORS_FOUND_BUT_NOT_CONNECTED,<LOCAL_DATA_ROOT>\HPPC_primary_source_提取\HPPC 充电过程全记录.csv,3.275789,<LOCAL_DATA_ROOT>\HPPC_primary_source_提取\HPPC 充电过程全记录.csv,CHG_013,-0.008501171527777776,14:19:11.500000,1201.9000000000015,1200,<LOCAL_DATA_ROOT>\HPPC_primary_source_提取\SOC52.2到SOC74.csv,<LOCAL_DATA_ROOT>\HPPC_primary_source_提取\SOC74到SOC100.csv,2034.9000000000015,1120.1699999999983,0.001966499999999982,HIGH,NOT_RECONSTRUCTABLE,SOC_LABEL_ORIGIN_UNKNOWN,5da2a38ee10a135d2f8351ee76435445a601bfc71e60b9bdbf12cfe4201451a5,"Measured pulse charge is available when paired; pulse-start absolute SOC, inter-pulse SOC difference and numerical bounds require unobserved gap charge. No zero-gap-current assumption; no filename anchoring."
<LOCAL_DATA_ROOT>\HPPC_primary_source_提取\SOC=74.0 1C放电10s.csv,discharge,74.0,,74.0,,,,,NONE_PHYSICAL_ANCHORS_FOUND_BUT_NOT_CONNECTED,<LOCAL_DATA_ROOT>\HPPC_primary_source_提取\HPPC 充电过程全记录.csv,3.335,<LOCAL_DATA_ROOT>\HPPC_primary_source_提取\HPPC 充电过程全记录.csv,CHG_013,-0.008501171527777776,14:19:11.500000,1201.9000000000015,1200,<LOCAL_DATA_ROOT>\HPPC_primary_source_提取\SOC52.2到SOC74.csv,<LOCAL_DATA_ROOT>\HPPC_primary_source_提取\SOC74到SOC100.csv,2034.9000000000015,1120.1699999999983,0.001966499999999982,HIGH,NOT_RECONSTRUCTABLE,SOC_LABEL_ORIGIN_UNKNOWN,5da2a38ee10a135d2f8351ee76435445a601bfc71e60b9bdbf12cfe4201451a5,"Measured pulse charge is available when paired; pulse-start absolute SOC, inter-pulse SOC difference and numerical bounds require unobserved gap charge. No zero-gap-current assumption; no filename anchoring."
<LOCAL_DATA_ROOT>\HPPC_primary_source_提取\SOC=74.0 1C放电10s.csv,discharge,74.0,,74.0,,,,,NONE_PHYSICAL_ANCHORS_FOUND_BUT_NOT_CONNECTED,<LOCAL_DATA_ROOT>\HPPC_primary_source_提取\HPPC 充电过程全记录.csv,3.3839,<LOCAL_DATA_ROOT>\HPPC_primary_source_提取\HPPC 充电过程全记录.csv,CHG_013,-0.008501171527777776,14:19:11.500000,1201.9000000000015,1200,<LOCAL_DATA_ROOT>\HPPC_primary_source_提取\SOC52.2到SOC74.csv,<LOCAL_DATA_ROOT>\HPPC_primary_source_提取\SOC74到SOC100.csv,2034.9000000000015,1120.1699999999983,0.001966499999999982,HIGH,NOT_RECONSTRUCTABLE,SOC_LABEL_ORIGIN_UNKNOWN,5da2a38ee10a135d2f8351ee76435445a601bfc71e60b9bdbf12cfe4201451a5,"Measured pulse charge is available when paired; pulse-start absolute SOC, inter-pulse SOC difference and numerical bounds require unobserved gap charge. No zero-gap-current assumption; no filename anchoring."
<LOCAL_DATA_ROOT>\HPPC_primary_source_提取\SOC=74.0 1C放电10s.csv,discharge,74.0,,74.0,,,,,NONE_PHYSICAL_ANCHORS_FOUND_BUT_NOT_CONNECTED,<LOCAL_DATA_ROOT>\HPPC_primary_source_提取\HPPC 充电过程全记录.csv,3.4123,<LOCAL_DATA_ROOT>\HPPC_primary_source_提取\HPPC 充电过程全记录.csv,CHG_013,-0.008501171527777776,14:19:11.500000,1201.9000000000015,1200,<LOCAL_DATA_ROOT>\HPPC_primary_source_提取\SOC52.2到SOC74.csv,<LOCAL_DATA_ROOT>\HPPC_primary_source_提取\SOC74到SOC100.csv,2034.9000000000015,1120.1699999999983,0.001966499999999982,HIGH,NOT_RECONSTRUCTABLE,SOC_LABEL_ORIGIN_UNKNOWN,5da2a38ee10a135d2f8351ee76435445a601bfc71e60b9bdbf12cfe4201451a5,"Measured pulse charge is available when paired; pulse-start absolute SOC, inter-pulse SOC difference and numerical bounds require unobserved gap charge. No zero-gap-current assumption; no filename anchoring."
<LOCAL_DATA_ROOT>\HPPC_primary_source_提取\SOC=74.0 1C放电10s.csv,discharge,74.0,,74.0,,,,,NONE_PHYSICAL_ANCHORS_FOUND_BUT_NOT_CONNECTED,<LOCAL_DATA_ROOT>\HPPC_primary_source_提取\HPPC 充电过程全记录.csv,3.5,<LOCAL_DATA_ROOT>\HPPC_primary_source_提取\HPPC 充电过程全记录.csv,CHG_013,-0.008501171527777776,14:19:11.500000,1201.9000000000015,1200,<LOCAL_DATA_ROOT>\HPPC_primary_source_提取\SOC52.2到SOC74.csv,<LOCAL_DATA_ROOT>\HPPC_primary_source_提取\SOC74到SOC100.csv,2034.9000000000015,1120.1699999999983,0.001966499999999982,HIGH,NOT_RECONSTRUCTABLE,SOC_LABEL_ORIGIN_UNKNOWN,5da2a38ee10a135d2f8351ee76435445a601bfc71e60b9bdbf12cfe4201451a5,"Measured pulse charge is available when paired; pulse-start absolute SOC, inter-pulse SOC difference and numerical bounds require unobserved gap charge. No zero-gap-current assumption; no filename anchoring."
<LOCAL_DATA_ROOT>\HPPC_primary_source_提取\SOC=74.0 1C充电10s.csv,charge,74.0,,74.0,,,,,NONE_PHYSICAL_ANCHORS_FOUND_BUT_NOT_CONNECTED,<LOCAL_DATA_ROOT>\HPPC_primary_source_提取\HPPC 充电过程全记录.csv,3.275789,<LOCAL_DATA_ROOT>\HPPC_primary_source_提取\HPPC 充电过程全记录.csv,CHG_014,0.008499579583333333,14:29:21.400000,601.0,601,<LOCAL_DATA_ROOT>\HPPC_primary_source_提取\SOC52.2到SOC74.csv,<LOCAL_DATA_ROOT>\HPPC_primary_source_提取\SOC74到SOC100.csv,2646.9000000000015,481.8000000000029,0.0033535000000000093,HIGH,NOT_RECONSTRUCTABLE,SOC_LABEL_ORIGIN_UNKNOWN,7975d641954caafc65555cbb50aa2128fb047abc54f3d28fde000e7518f90575,"Measured pulse charge is available when paired; pulse-start absolute SOC, inter-pulse SOC difference and numerical bounds require unobserved gap charge. No zero-gap-current assumption; no filename anchoring."
<LOCAL_DATA_ROOT>\HPPC_primary_source_提取\SOC=74.0 1C充电10s.csv,charge,74.0,,74.0,,,,,NONE_PHYSICAL_ANCHORS_FOUND_BUT_NOT_CONNECTED,<LOCAL_DATA_ROOT>\HPPC_primary_source_提取\HPPC 充电过程全记录.csv,3.335,<LOCAL_DATA_ROOT>\HPPC_primary_source_提取\HPPC 充电过程全记录.csv,CHG_014,0.008499579583333333,14:29:21.400000,601.0,601,<LOCAL_DATA_ROOT>\HPPC_primary_source_提取\SOC52.2到SOC74.csv,<LOCAL_DATA_ROOT>\HPPC_primary_source_提取\SOC74到SOC100.csv,2646.9000000000015,481.8000000000029,0.0033535000000000093,HIGH,NOT_RECONSTRUCTABLE,SOC_LABEL_ORIGIN_UNKNOWN,7975d641954caafc65555cbb50aa2128fb047abc54f3d28fde000e7518f90575,"Measured pulse charge is available when paired; pulse-start absolute SOC, inter-pulse SOC difference and numerical bounds require unobserved gap charge. No zero-gap-current assumption; no filename anchoring."
<LOCAL_DATA_ROOT>\HPPC_primary_source_提取\SOC=74.0 1C充电10s.csv,charge,74.0,,74.0,,,,,NONE_PHYSICAL_ANCHORS_FOUND_BUT_NOT_CONNECTED,<LOCAL_DATA_ROOT>\HPPC_primary_source_提取\HPPC 充电过程全记录.csv,3.3839,<LOCAL_DATA_ROOT>\HPPC_primary_source_提取\HPPC 充电过程全记录.csv,CHG_014,0.008499579583333333,14:29:21.400000,601.0,601,<LOCAL_DATA_ROOT>\HPPC_primary_source_提取\SOC52.2到SOC74.csv,<LOCAL_DATA_ROOT>\HPPC_primary_source_提取\SOC74到SOC100.csv,2646.9000000000015,481.8000000000029,0.0033535000000000093,HIGH,NOT_RECONSTRUCTABLE,SOC_LABEL_ORIGIN_UNKNOWN,7975d641954caafc65555cbb50aa2128fb047abc54f3d28fde000e7518f90575,"Measured pulse charge is available when paired; pulse-start absolute SOC, inter-pulse SOC difference and numerical bounds require unobserved gap charge. No zero-gap-current assumption; no filename anchoring."
<LOCAL_DATA_ROOT>\HPPC_primary_source_提取\SOC=74.0 1C充电10s.csv,charge,74.0,,74.0,,,,,NONE_PHYSICAL_ANCHORS_FOUND_BUT_NOT_CONNECTED,<LOCAL_DATA_ROOT>\HPPC_primary_source_提取\HPPC 充电过程全记录.csv,3.4123,<LOCAL_DATA_ROOT>\HPPC_primary_source_提取\HPPC 充电过程全记录.csv,CHG_014,0.008499579583333333,14:29:21.400000,601.0,601,<LOCAL_DATA_ROOT>\HPPC_primary_source_提取\SOC52.2到SOC74.csv,<LOCAL_DATA_ROOT>\HPPC_primary_source_提取\SOC74到SOC100.csv,2646.9000000000015,481.8000000000029,0.0033535000000000093,HIGH,NOT_RECONSTRUCTABLE,SOC_LABEL_ORIGIN_UNKNOWN,7975d641954caafc65555cbb50aa2128fb047abc54f3d28fde000e7518f90575,"Measured pulse charge is available when paired; pulse-start absolute SOC, inter-pulse SOC difference and numerical bounds require unobserved gap charge. No zero-gap-current assumption; no filename anchoring."
<LOCAL_DATA_ROOT>\HPPC_primary_source_提取\SOC=74.0 1C充电10s.csv,charge,74.0,,74.0,,,,,NONE_PHYSICAL_ANCHORS_FOUND_BUT_NOT_CONNECTED,<LOCAL_DATA_ROOT>\HPPC_primary_source_提取\HPPC 充电过程全记录.csv,3.5,<LOCAL_DATA_ROOT>\HPPC_primary_source_提取\HPPC 充电过程全记录.csv,CHG_014,0.008499579583333333,14:29:21.400000,601.0,601,<LOCAL_DATA_ROOT>\HPPC_primary_source_提取\SOC52.2到SOC74.csv,<LOCAL_DATA_ROOT>\HPPC_primary_source_提取\SOC74到SOC100.csv,2646.9000000000015,481.8000000000029,0.0033535000000000093,HIGH,NOT_RECONSTRUCTABLE,SOC_LABEL_ORIGIN_UNKNOWN,7975d641954caafc65555cbb50aa2128fb047abc54f3d28fde000e7518f90575,"Measured pulse charge is available when paired; pulse-start absolute SOC, inter-pulse SOC difference and numerical bounds require unobserved gap charge. No zero-gap-current assumption; no filename anchoring."
<LOCAL_DATA_ROOT>\HPPC_primary_source_提取\SOC=99 1C放电10s.csv,discharge,99.0,,100.0,,,,,NONE_PHYSICAL_ANCHORS_FOUND_BUT_NOT_CONNECTED,<LOCAL_DATA_ROOT>\HPPC_primary_source_提取\HPPC 充电过程全记录.csv,3.275789,<LOCAL_DATA_ROOT>\HPPC_primary_source_提取\HPPC 充电过程全记录.csv,CHG_016,-0.008501153472222222,16:29:31.100000,1489.0,1489,<LOCAL_DATA_ROOT>\HPPC_primary_source_提取\SOC74到SOC100.csv,,4933.800000000003,,0.0011350000000001081,HIGH,NOT_RECONSTRUCTABLE,SOC_LABEL_ORIGIN_UNKNOWN,0f558f64c802e8e35d791d8b31a3472774dda0a1718a39ec713f9e5bd904c1c5,"Measured pulse charge is available when paired; pulse-start absolute SOC, inter-pulse SOC difference and numerical bounds require unobserved gap charge. No zero-gap-current assumption; no filename anchoring."
<LOCAL_DATA_ROOT>\HPPC_primary_source_提取\SOC=99 1C放电10s.csv,discharge,99.0,,100.0,,,,,NONE_PHYSICAL_ANCHORS_FOUND_BUT_NOT_CONNECTED,<LOCAL_DATA_ROOT>\HPPC_primary_source_提取\HPPC 充电过程全记录.csv,3.335,<LOCAL_DATA_ROOT>\HPPC_primary_source_提取\HPPC 充电过程全记录.csv,CHG_016,-0.008501153472222222,16:29:31.100000,1489.0,1489,<LOCAL_DATA_ROOT>\HPPC_primary_source_提取\SOC74到SOC100.csv,,4933.800000000003,,0.0011350000000001081,HIGH,NOT_RECONSTRUCTABLE,SOC_LABEL_ORIGIN_UNKNOWN,0f558f64c802e8e35d791d8b31a3472774dda0a1718a39ec713f9e5bd904c1c5,"Measured pulse charge is available when paired; pulse-start absolute SOC, inter-pulse SOC difference and numerical bounds require unobserved gap charge. No zero-gap-current assumption; no filename anchoring."
<LOCAL_DATA_ROOT>\HPPC_primary_source_提取\SOC=99 1C放电10s.csv,discharge,99.0,,100.0,,,,,NONE_PHYSICAL_ANCHORS_FOUND_BUT_NOT_CONNECTED,<LOCAL_DATA_ROOT>\HPPC_primary_source_提取\HPPC 充电过程全记录.csv,3.3839,<LOCAL_DATA_ROOT>\HPPC_primary_source_提取\HPPC 充电过程全记录.csv,CHG_016,-0.008501153472222222,16:29:31.100000,1489.0,1489,<LOCAL_DATA_ROOT>\HPPC_primary_source_提取\SOC74到SOC100.csv,,4933.800000000003,,0.0011350000000001081,HIGH,NOT_RECONSTRUCTABLE,SOC_LABEL_ORIGIN_UNKNOWN,0f558f64c802e8e35d791d8b31a3472774dda0a1718a39ec713f9e5bd904c1c5,"Measured pulse charge is available when paired; pulse-start absolute SOC, inter-pulse SOC difference and numerical bounds require unobserved gap charge. No zero-gap-current assumption; no filename anchoring."
<LOCAL_DATA_ROOT>\HPPC_primary_source_提取\SOC=99 1C放电10s.csv,discharge,99.0,,100.0,,,,,NONE_PHYSICAL_ANCHORS_FOUND_BUT_NOT_CONNECTED,<LOCAL_DATA_ROOT>\HPPC_primary_source_提取\HPPC 充电过程全记录.csv,3.4123,<LOCAL_DATA_ROOT>\HPPC_primary_source_提取\HPPC 充电过程全记录.csv,CHG_016,-0.008501153472222222,16:29:31.100000,1489.0,1489,<LOCAL_DATA_ROOT>\HPPC_primary_source_提取\SOC74到SOC100.csv,,4933.800000000003,,0.0011350000000001081,HIGH,NOT_RECONSTRUCTABLE,SOC_LABEL_ORIGIN_UNKNOWN,0f558f64c802e8e35d791d8b31a3472774dda0a1718a39ec713f9e5bd904c1c5,"Measured pulse charge is available when paired; pulse-start absolute SOC, inter-pulse SOC difference and numerical bounds require unobserved gap charge. No zero-gap-current assumption; no filename anchoring."
<LOCAL_DATA_ROOT>\HPPC_primary_source_提取\SOC=99 1C放电10s.csv,discharge,99.0,,100.0,,,,,NONE_PHYSICAL_ANCHORS_FOUND_BUT_NOT_CONNECTED,<LOCAL_DATA_ROOT>\HPPC_primary_source_提取\HPPC 充电过程全记录.csv,3.5,<LOCAL_DATA_ROOT>\HPPC_primary_source_提取\HPPC 充电过程全记录.csv,CHG_016,-0.008501153472222222,16:29:31.100000,1489.0,1489,<LOCAL_DATA_ROOT>\HPPC_primary_source_提取\SOC74到SOC100.csv,,4933.800000000003,,0.0011350000000001081,HIGH,NOT_RECONSTRUCTABLE,SOC_LABEL_ORIGIN_UNKNOWN,0f558f64c802e8e35d791d8b31a3472774dda0a1718a39ec713f9e5bd904c1c5,"Measured pulse charge is available when paired; pulse-start absolute SOC, inter-pulse SOC difference and numerical bounds require unobserved gap charge. No zero-gap-current assumption; no filename anchoring."
<LOCAL_DATA_ROOT>\HPPC_primary_source_提取\SOC=99 1C充电10s.csv,charge,99.0,,100.0,,,,,NONE_PHYSICAL_ANCHORS_FOUND_BUT_NOT_CONNECTED,<LOCAL_DATA_ROOT>\HPPC_primary_source_提取\HPPC 充电过程全记录.csv,3.275789,<LOCAL_DATA_ROOT>\HPPC_primary_source_提取\HPPC 充电过程全记录.csv,CHG_017,0.0010351097222222223,16:39:41,2089.9000000000015,2090,<LOCAL_DATA_ROOT>\HPPC_primary_source_提取\SOC74到SOC100.csv,,5535.800000000003,,0.00043799999999993844,HIGH,NOT_RECONSTRUCTABLE,SOC_LABEL_ORIGIN_UNKNOWN,662ea875d3931d256c451fdfab11a74ddf44d8d1f2d3e4b64eaea2f4a2bfdce6,"Measured pulse charge is available when paired; pulse-start absolute SOC, inter-pulse SOC difference and numerical bounds require unobserved gap charge. No zero-gap-current assumption; no filename anchoring."
<LOCAL_DATA_ROOT>\HPPC_primary_source_提取\SOC=99 1C充电10s.csv,charge,99.0,,100.0,,,,,NONE_PHYSICAL_ANCHORS_FOUND_BUT_NOT_CONNECTED,<LOCAL_DATA_ROOT>\HPPC_primary_source_提取\HPPC 充电过程全记录.csv,3.335,<LOCAL_DATA_ROOT>\HPPC_primary_source_提取\HPPC 充电过程全记录.csv,CHG_017,0.0010351097222222223,16:39:41,2089.9000000000015,2090,<LOCAL_DATA_ROOT>\HPPC_primary_source_提取\SOC74到SOC100.csv,,5535.800000000003,,0.00043799999999993844,HIGH,NOT_RECONSTRUCTABLE,SOC_LABEL_ORIGIN_UNKNOWN,662ea875d3931d256c451fdfab11a74ddf44d8d1f2d3e4b64eaea2f4a2bfdce6,"Measured pulse charge is available when paired; pulse-start absolute SOC, inter-pulse SOC difference and numerical bounds require unobserved gap charge. No zero-gap-current assumption; no filename anchoring."
<LOCAL_DATA_ROOT>\HPPC_primary_source_提取\SOC=99 1C充电10s.csv,charge,99.0,,100.0,,,,,NONE_PHYSICAL_ANCHORS_FOUND_BUT_NOT_CONNECTED,<LOCAL_DATA_ROOT>\HPPC_primary_source_提取\HPPC 充电过程全记录.csv,3.3839,<LOCAL_DATA_ROOT>\HPPC_primary_source_提取\HPPC 充电过程全记录.csv,CHG_017,0.0010351097222222223,16:39:41,2089.9000000000015,2090,<LOCAL_DATA_ROOT>\HPPC_primary_source_提取\SOC74到SOC100.csv,,5535.800000000003,,0.00043799999999993844,HIGH,NOT_RECONSTRUCTABLE,SOC_LABEL_ORIGIN_UNKNOWN,662ea875d3931d256c451fdfab11a74ddf44d8d1f2d3e4b64eaea2f4a2bfdce6,"Measured pulse charge is available when paired; pulse-start absolute SOC, inter-pulse SOC difference and numerical bounds require unobserved gap charge. No zero-gap-current assumption; no filename anchoring."
<LOCAL_DATA_ROOT>\HPPC_primary_source_提取\SOC=99 1C充电10s.csv,charge,99.0,,100.0,,,,,NONE_PHYSICAL_ANCHORS_FOUND_BUT_NOT_CONNECTED,<LOCAL_DATA_ROOT>\HPPC_primary_source_提取\HPPC 充电过程全记录.csv,3.4123,<LOCAL_DATA_ROOT>\HPPC_primary_source_提取\HPPC 充电过程全记录.csv,CHG_017,0.0010351097222222223,16:39:41,2089.9000000000015,2090,<LOCAL_DATA_ROOT>\HPPC_primary_source_提取\SOC74到SOC100.csv,,5535.800000000003,,0.00043799999999993844,HIGH,NOT_RECONSTRUCTABLE,SOC_LABEL_ORIGIN_UNKNOWN,662ea875d3931d256c451fdfab11a74ddf44d8d1f2d3e4b64eaea2f4a2bfdce6,"Measured pulse charge is available when paired; pulse-start absolute SOC, inter-pulse SOC difference and numerical bounds require unobserved gap charge. No zero-gap-current assumption; no filename anchoring."
<LOCAL_DATA_ROOT>\HPPC_primary_source_提取\SOC=99 1C充电10s.csv,charge,99.0,,100.0,,,,,NONE_PHYSICAL_ANCHORS_FOUND_BUT_NOT_CONNECTED,<LOCAL_DATA_ROOT>\HPPC_primary_source_提取\HPPC 充电过程全记录.csv,3.5,<LOCAL_DATA_ROOT>\HPPC_primary_source_提取\HPPC 充电过程全记录.csv,CHG_017,0.0010351097222222223,16:39:41,2089.9000000000015,2090,<LOCAL_DATA_ROOT>\HPPC_primary_source_提取\SOC74到SOC100.csv,,5535.800000000003,,0.00043799999999993844,HIGH,NOT_RECONSTRUCTABLE,SOC_LABEL_ORIGIN_UNKNOWN,662ea875d3931d256c451fdfab11a74ddf44d8d1f2d3e4b64eaea2f4a2bfdce6,"Measured pulse charge is available when paired; pulse-start absolute SOC, inter-pulse SOC difference and numerical bounds require unobserved gap charge. No zero-gap-current assumption; no filename anchoring."
