evidence_id,issue,evidence,status,interpretation_limit
J01,SOC 标签的原始公式/容量基准未找到,32 个 primary 文件只有 CSV/REC；raw_original 26 个文档/脚本/工作簿检索,SOC_LABEL_ORIGIN_UNKNOWN,线性电压坐标数值相符不证明命名公式；不锚定 SOC。
J02,34.4% 充放电源确实存在，但为 REC-only,SOC=34.4 1C充电10s.rec；SOC=34.4 1C放电10s.rec；header date/count/interval layout validated on 14 paired exports,SOURCE_EXISTENCE_RESOLVED_PARAMETER_TABLE_LINEAGE_UNKNOWN,未找到原修正参数表或重命名/裁切记录；无 REC 波形解码，配对为 MEDIUM。
J03,52.5% transition 终点 vs 52.2% pulse 标签,SOC43.7到SOC52.5.csv；SOC=52.2 两个 pulse；相邻文件日期/事件可配对,LABEL_CONFLICT_RETAINED,保留两个标签，不将 0.3 pp 当成实测 SOC 差。
J04,100% transition 标签 vs 99% pulse 标签,CHG_015 达 4.2 V / 48.93 mA，99% pulses 位于后续间断记录,LABEL_CONFLICT_RETAINED,100/99 不能自动解释成已知 1 pp 电量损失。
J05,19.4% pulse 无同时 NGU 有效块,DAS active start 11:00:43.070；最近 CHG_001 start 10:57:21，差 -202.07 s,PAIRING_NOT_RECONSTRUCTABLE,其他文件约 +2.8 至 +5.3 s onset offsets 不支持给此文件强加 -202 s clock shift。
J06_CHG_012,DAS transition 在对应 NGU 充电块结束前截断,"{""file"":""<LOCAL_DATA_ROOT>\\HPPC_primary_source_提取\\SOC52.2到SOC74.csv"",""uncovered_tail_s"":789.4000000000015}",TRUNCATED_DAS_TRANSITION,NGU 完整块和 DAS 时间覆盖内 Ah 分列；不把 DAS 末端当 transition 完成。
J06_CHG_015,DAS transition 在对应 NGU 充电块结束前截断,"{""file"":""<LOCAL_DATA_ROOT>\\HPPC_primary_source_提取\\SOC74到SOC100.csv"",""uncovered_tail_s"":3454.9000000000015}",TRUNCATED_DAS_TRANSITION,NGU 完整块和 DAS 时间覆盖内 Ah 分列；不把 DAS 末端当 transition 完成。
J07,NGU NaN 和记录间断无法作为零电流,"[{""file"":""<LOCAL_DATA_ROOT>\\HPPC_primary_source_提取\\HPPC 充电过程全记录.csv"",""invalid"":14917,""nonfinite"":14916,""finite_zero_voltage"":1},{""file"":""<LOCAL_DATA_ROOT>\\HPPC_primary_source_提取\\放电过程HPPC.csv"",""invalid"":12085,""nonfinite"":12083,""finite_zero_voltage"":2}]",UNOBSERVED_CHARGE_UNKNOWN,所有 pulse 到 full anchor 均跨未观测电流；绝对 SOC 和界限留空。
J08,部分脉冲 filename 1C 与实测幅值不同,74% discharge DAS amplitude low; NGU about -3.4 A; 99% charge NGU about 0.425 to 0.342 A,CURRENT_SOURCE_NGU_AUTHORITATIVE,未将波形幅值归一化到 3.4 A；未重拟合参数。
J09,电压坐标可能是标签来源候选,"{""pulse_voltage_coordinate_checks"":[{""file"":""<LOCAL_DATA_ROOT>\\HPPC_primary_source_提取\\SOC=19.4 1C放电10s.csv"",""file_SOC_pct"":19.4,""pre_pulse_DAS_voltage_V"":2.8352,""voltage_coordinate_pct"":19.717647058823523,""voltage_coordinate_minus_label_pp"":0.31764705882352473,""status"":""NUMERICAL_COMPATIBILITY_TEST_NOT_PROOF_OF_LABEL_ORIGIN"",""formula"":""100*(U_pre-2.5)/(4.2-2.5)"",""formula_parameters"":""Fixed project voltage endpoints; no fitted coefficients; never used to reconstruct SOC"",""source_SHA256"":""afc18e636dbfab9981e5d9e23f2819c2ab1c75f234c4622f67a3c53cc56e1325""},{""file"":""<LOCAL_DATA_ROOT>\\HPPC_primary_source_提取\\SOC=43.7 1C放电10s.csv"",""file_SOC_pct"":43.7,""pre_pulse_DAS_voltage_V"":3.2426,""voltage_coordinate_pct"":43.68235294117646,""voltage_coordinate_minus_label_pp"":-0.017647058823541784,""status"":""NUMERICAL_COMPATIBILITY_TEST_NOT_PROOF_OF_LABEL_ORIGIN"",""formula"":""100*(U_pre-2.5)/(4.2-2.5)"",""formula_parameters"":""Fixed project voltage endpoints; no fitted coefficients; never used to reconstruct SOC"",""source_SHA256"":""8cb50dde559b69855fa9628ed6cf832a47ca764f8758c22d9b6b056f51a4431e""},{""file"":""<LOCAL_DATA_ROOT>\\HPPC_primary_source_提取\\SOC=43.7 1C充电10s.csv"",""file_SOC_pct"":43.7,""pre_pulse_DAS_voltage_V"":3.2155,""voltage_coordinate_pct"":42.08823529411764,""voltage_coordinate_minus_label_pp"":-1.611764705882365,""status"":""NUMERICAL_COMPATIBILITY_TEST_NOT_PROOF_OF_LABEL_ORIGIN"",""formula"":""100*(U_pre-2.5)/(4.2-2.5)"",""formula_parameters"":""Fixed project voltage endpoints; no fitted coefficients; never used to reconstruct SOC"",""source_SHA256"":""7b21c9a15a1f09ff1e0b9e06cf048491fbd5f7b860a0522262d235563a506fb0""},{""file"":""<LOCAL_DATA_ROOT>\\HPPC_primary_source_提取\\SOC=52.2 1C放电10s.csv"",""file_SOC_pct"":52.2,""pre_pulse_DAS_voltage_V"":3.3878,""voltage_coordinate_pct"":52.223529411764694,""voltage_coordinate_minus_label_pp"":0.023529411764691588,""status"":""NUMERICAL_COMPATIBILITY_TEST_NOT_PROOF_OF_LABEL_ORIGIN"",""formula"":""100*(U_pre-2.5)/(4.2-2.5)"",""formula_parameters"":""Fixed project voltage endpoints; no fitted coefficients; never used to reconstruct SOC"",""source_SHA256"":""6fb4f8b68514058f7d273f28bd52b6bfc86ac5f7ed291ccb04eec14e0079292c""},{""file"":""<LOCAL_DATA_ROOT>\\HPPC_primary_source_提取\\SOC=52.2 1C充电10s.csv"",""file_SOC_pct"":52.2,""pre_pulse_DAS_voltage_V"":3.3761,""voltage_coordinate_pct"":51.53529411764706,""voltage_coordinate_minus_label_pp"":-0.6647058823529406,""status"":""NUMERICAL_COMPATIBILITY_TEST_NOT_PROOF_OF_LABEL_ORIGIN"",""formula"":""100*(U_pre-2.5)/(4.2-2.5)"",""formula_parameters"":""Fixed project voltage endpoints; no fitted coefficients; never used to reconstruct SOC"",""source_SHA256"":""7aa45be9fde5138bebc4bf61494c2ae07ffabd40ec036380bb91b2888d3ca613""},{""file"":""<LOCAL_DATA_ROOT>\\HPPC_primary_source_提取\\SOC=74.0 1C放电10s.csv"",""file_SOC_pct"":74.0,""pre_pulse_DAS_voltage_V"":3.7559,""voltage_coordinate_pct"":73.87647058823529,""voltage_coordinate_minus_label_pp"":-0.12352941176470722,""status"":""NUMERICAL_COMPATIBILITY_TEST_NOT_PROOF_OF_LABEL_ORIGIN"",""formula"":""100*(U_pre-2.5)/(4.2-2.5)"",""formula_parameters"":""Fixed project voltage endpoints; no fitted coefficients; never used to reconstruct SOC"",""source_SHA256"":""5da2a38ee10a135d2f8351ee76435445a601bfc71e60b9bdbf12cfe4201451a5""},{""file"":""<LOCAL_DATA_ROOT>\\HPPC_primary_source_提取\\SOC=74.0 1C充电10s.csv"",""file_SOC_pct"":74.0,""pre_pulse_DAS_voltage_V"":3.7467,""voltage_coordinate_pct"":73.33529411764707,""voltage_coordinate_minus_label_pp"":-0.6647058823529335,""status"":""NUMERICAL_COMPATIBILITY_TEST_NOT_PROOF_OF_LABEL_ORIGIN"",""formula"":""100*(U_pre-2.5)/(4.2-2.5)"",""formula_parameters"":""Fixed project voltage endpoints; no fitted coefficients; never used to reconstruct SOC"",""source_SHA256"":""7975d641954caafc65555cbb50aa2128fb047abc54f3d28fde000e7518f90575""},{""file"":""<LOCAL_DATA_ROOT>\\HPPC_primary_source_提取\\SOC=99 1C放电10s.csv"",""file_SOC_pct"":99.0,""pre_pulse_DAS_voltage_V"":4.1834,""voltage_coordinate_pct"":99.02352941176468,""voltage_coordinate_minus_label_pp"":0.023529411764684482,""status"":""NUMERICAL_COMPATIBILITY_TEST_NOT_PROOF_OF_LABEL_ORIGIN"",""formula"":""100*(U_pre-2.5)/(4.2-2.5)"",""formula_parameters"":""Fixed project voltage endpoints; no fitted coefficients; never used to reconstruct SOC"",""source_SHA256"":""0f558f64c802e8e35d791d8b31a3472774dda0a1718a39ec713f9e5bd904c1c5""},{""file"":""<LOCAL_DATA_ROOT>\\HPPC_primary_source_提取\\SOC=99 1C充电10s.csv"",""file_SOC_pct"":99.0,""pre_pulse_DAS_voltage_V"":4.1721,""voltage_coordinate_pct"":98.35882352941178,""voltage_coordinate_minus_label_pp"":-0.6411764705882206,""status"":""NUMERICAL_COMPATIBILITY_TEST_NOT_PROOF_OF_LABEL_ORIGIN"",""formula"":""100*(U_pre-2.5)/(4.2-2.5)"",""formula_parameters"":""Fixed project voltage endpoints; no fitted coefficients; never used to reconstruct SOC"",""source_SHA256"":""662ea875d3931d256c451fdfab11a74ddf44d8d1f2d3e4b64eaea2f4a2bfdce6""}],""status"":""SOC_LABEL_ORIGIN_UNKNOWN"",""candidate"":""Voltage-coordinate convention is numerically compatible; original naming calculation is not located."",""source_table_evidence"":[{""source"":""<LOCAL_DATA_ROOT>\\raw_original\\0.3C\\处理后\\Ua Ub SOC Ukl U00.xlsx"",""sheet"":""Tabelle1"",""range"":""A2:C9"",""source_SHA256"":""07bbf350aad8287fb151df06d0c35d2b6a66a17bdc9010e1b53b9e27df5014ac"",""observation"":""Manual numeric SOC/U00 grid follows U=2.5+1.7*SOC exactly at stated grid nodes; no formulas and no proved HPPC naming connection.""},{""source"":""<LOCAL_DATA_ROOT>\\raw_original\\0.2C\\新建 Microsoft Word 文档.docx"",""source_SHA256"":""aeaeb7071e60efb0187fc424fc872c8f767be9e7f8d0a0ec1b39c9dc454136ad"",""observation"":""Separate 1C Ri table has U00/SOC pairs numerically consistent with same linear voltage coordinate to displayed rounding; not identified as Dec22 HPPC log.""}],""no_voltage_mapping_used_for_SOC_reconstruction"":true}",NUMERICAL_COMPATIBILITY_NOT_ORIGINAL_FORMULA_PROOF,固定 100*(U-2.5)/1.7 检查只用于溯源，不用于 Coulomb reconstruction。
J10,Point C 到 OCV_star 到 frozen LUT 的链不完整,"[""Original OCV/OCV_star construction recipe"",""Whether Point C was used"",""Whether filename SOC was the Point C axis"",""Mapping from Dec22 HPPC files to released 17-85% LUT"",""Historical corrected HPPC parameter table and its 34.4 rows""]",FROZEN_OCV_PROVENANCE_NOT_FULLY_RECONSTRUCTED,MAT/CSV 数值一致不证明原始 OCV 来自 HPPC。
J11,跨日 empty/full 不能物理闭合,12/22 full anchor 与 12/23 empty anchor 中间电流及 overnight operations 未记录,NOT_RECONSTRUCTABLE,分别保存 FULL/EMPTY reconstruction，不平均。instrument serial 不证明同一 cell。
J12,独立容量参考不是已证明的 HPPC 当日容量,"[{""capacity_basis_Ah"":3.275789,""basis"":""Historical 0.1C charge throughput"",""source_file"":""<LOCAL_DATA_ROOT>\\raw_original\\0.1C\\NGU\\0.1C dc.csv"",""source_SHA256"":""65a96280e83c7ff3236453f7aab97ab5aaba67d693cd71447a4dcefbb40ea695"",""HPPC_contemporaneous_capacity"":false,""selection"":""USER_REQUIRED_PHYSICAL_REFERENCE_NO_QREF_OPTIMIZATION""},{""capacity_basis_Ah"":3.335,""basis"":""Frozen model qRef"",""source_file"":""<REPO_ROOT>\\data\\mj1_v02_model.mat"",""source_SHA256"":""de065506094efbc731a0b7530b2b953d0c52d08b7c0ff483a7195b8e2d27b0ec"",""HPPC_contemporaneous_capacity"":false,""selection"":""USER_REQUIRED_PHYSICAL_REFERENCE_NO_QREF_OPTIMIZATION""},{""capacity_basis_Ah"":3.3839,""basis"":""Historical 1C full charge rounded reference"",""source_file"":""<LOCAL_DATA_ROOT>\\raw_original\\1C\\1C_full_charge.csv"",""source_SHA256"":""9df6afbf73b78742e0449803d8f2eae8e9506583b5ff2f5161fabc65934d72f2"",""HPPC_contemporaneous_capacity"":false,""selection"":""USER_REQUIRED_PHYSICAL_REFERENCE_NO_QREF_OPTIMIZATION""},{""capacity_basis_Ah"":3.4123,""basis"":""Historical 1C full discharge rounded reference"",""source_file"":""<LOCAL_DATA_ROOT>\\raw_original\\1C\\1C_full_discharge.csv"",""source_SHA256"":""df1671e7809ba8d6f20e6ab814eb64cea98d8d98e787e66d575e5aff8088f572"",""HPPC_contemporaneous_capacity"":false,""selection"":""USER_REQUIRED_PHYSICAL_REFERENCE_NO_QREF_OPTIMIZATION""},{""capacity_basis_Ah"":3.5,""basis"":""MJ1 nominal capacity; frozen README"",""source_file"":""<REPO_ROOT>\\README.md"",""source_SHA256"":""9ab9ea095560ab80359f786c30f93b44e111359c67de1bb3184281b4869f18de"",""HPPC_contemporaneous_capacity"":false,""selection"":""USER_REQUIRED_PHYSICAL_REFERENCE_NO_QREF_OPTIMIZATION""}]",SENSITIVITY_ONLY,固定五种 reference；不优化 qRef。B1-2E 与 2F 的历史 throughput 数值略异，保留任务指定舍入参考。
J13,参数 SOC 横轴误置和参数值错误不能混同,未获得可靠 pulse-start absolute SOC，也未定位原始 HPPC-to-LUT 节点构建链,NO_NODE_RELOCATION_ALLOWED,只有来源链建立后才可讨论 parameter value may be correct but assigned to wrong SOC coordinate；本次不生成修正 LUT。
