transition_file,NGU_segment,Q_signed_Ah,capacity_basis_Ah,basis,source_file,source_SHA256,HPPC_contemporaneous_capacity,selection,DeltaSOC_label_pp,DeltaSOC_Q_pp,DeltaSOC_Q_minus_label_pp,comparison_scope,complete_node_to_node,unmeasured_charge_Ah
<LOCAL_DATA_ROOT>\HPPC_primary_source_提取\SOC19.4到SOC34.4.csv,CHG_003,0.02927641180555555,3.275789,Historical 0.1C charge throughput,<LOCAL_DATA_ROOT>\raw_original\0.1C\NGU\0.1C dc.csv,65a96280e83c7ff3236453f7aab97ab5aaba67d693cd71447a4dcefbb40ea695,false,USER_REQUIRED_PHYSICAL_REFERENCE_NO_QREF_OPTIMIZATION,15.0,0.8937209266395226,-14.106279073360477,RECORDED_SEGMENT_DELTA_ONLY_NOT_AN_ABSOLUTE_SOC_ERROR,false,UNKNOWN
<LOCAL_DATA_ROOT>\HPPC_primary_source_提取\SOC19.4到SOC34.4.csv,CHG_003,0.02927641180555555,3.335,Frozen model qRef,<REPO_ROOT>\data\mj1_v02_model.mat,de065506094efbc731a0b7530b2b953d0c52d08b7c0ff483a7195b8e2d27b0ec,false,USER_REQUIRED_PHYSICAL_REFERENCE_NO_QREF_OPTIMIZATION,15.0,0.8778534274529401,-14.12214657254706,RECORDED_SEGMENT_DELTA_ONLY_NOT_AN_ABSOLUTE_SOC_ERROR,false,UNKNOWN
<LOCAL_DATA_ROOT>\HPPC_primary_source_提取\SOC19.4到SOC34.4.csv,CHG_003,0.02927641180555555,3.3839,Historical 1C full charge rounded reference,<LOCAL_DATA_ROOT>\raw_original\1C\1C_full_charge.csv,9df6afbf73b78742e0449803d8f2eae8e9506583b5ff2f5161fabc65934d72f2,false,USER_REQUIRED_PHYSICAL_REFERENCE_NO_QREF_OPTIMIZATION,15.0,0.8651677592587119,-14.134832240741288,RECORDED_SEGMENT_DELTA_ONLY_NOT_AN_ABSOLUTE_SOC_ERROR,false,UNKNOWN
<LOCAL_DATA_ROOT>\HPPC_primary_source_提取\SOC19.4到SOC34.4.csv,CHG_003,0.02927641180555555,3.4123,Historical 1C full discharge rounded reference,<LOCAL_DATA_ROOT>\raw_original\1C\1C_full_discharge.csv,df1671e7809ba8d6f20e6ab814eb64cea98d8d98e787e66d575e5aff8088f572,false,USER_REQUIRED_PHYSICAL_REFERENCE_NO_QREF_OPTIMIZATION,15.0,0.8579671132536867,-14.142032886746314,RECORDED_SEGMENT_DELTA_ONLY_NOT_AN_ABSOLUTE_SOC_ERROR,false,UNKNOWN
<LOCAL_DATA_ROOT>\HPPC_primary_source_提取\SOC19.4到SOC34.4.csv,CHG_003,0.02927641180555555,3.5,MJ1 nominal capacity; frozen README,<REPO_ROOT>\README.md,9ab9ea095560ab80359f786c30f93b44e111359c67de1bb3184281b4869f18de,false,USER_REQUIRED_PHYSICAL_REFERENCE_NO_QREF_OPTIMIZATION,15.0,0.8364689087301587,-14.163531091269842,RECORDED_SEGMENT_DELTA_ONLY_NOT_AN_ABSOLUTE_SOC_ERROR,false,UNKNOWN
<LOCAL_DATA_ROOT>\HPPC_primary_source_提取\SOC34.4到SOC43.7.csv,CHG_006,0.06233101916666667,3.275789,Historical 0.1C charge throughput,<LOCAL_DATA_ROOT>\raw_original\0.1C\NGU\0.1C dc.csv,65a96280e83c7ff3236453f7aab97ab5aaba67d693cd71447a4dcefbb40ea695,false,USER_REQUIRED_PHYSICAL_REFERENCE_NO_QREF_OPTIMIZATION,9.300000000000004,1.9027788165436377,-7.397221183456367,RECORDED_SEGMENT_DELTA_ONLY_NOT_AN_ABSOLUTE_SOC_ERROR,false,UNKNOWN
<LOCAL_DATA_ROOT>\HPPC_primary_source_提取\SOC34.4到SOC43.7.csv,CHG_006,0.06233101916666667,3.335,Frozen model qRef,<REPO_ROOT>\data\mj1_v02_model.mat,de065506094efbc731a0b7530b2b953d0c52d08b7c0ff483a7195b8e2d27b0ec,false,USER_REQUIRED_PHYSICAL_REFERENCE_NO_QREF_OPTIMIZATION,9.300000000000004,1.8689960769615193,-7.431003923038485,RECORDED_SEGMENT_DELTA_ONLY_NOT_AN_ABSOLUTE_SOC_ERROR,false,UNKNOWN
<LOCAL_DATA_ROOT>\HPPC_primary_source_提取\SOC34.4到SOC43.7.csv,CHG_006,0.06233101916666667,3.3839,Historical 1C full charge rounded reference,<LOCAL_DATA_ROOT>\raw_original\1C\1C_full_charge.csv,9df6afbf73b78742e0449803d8f2eae8e9506583b5ff2f5161fabc65934d72f2,false,USER_REQUIRED_PHYSICAL_REFERENCE_NO_QREF_OPTIMIZATION,9.300000000000004,1.84198762276269,-7.458012377237314,RECORDED_SEGMENT_DELTA_ONLY_NOT_AN_ABSOLUTE_SOC_ERROR,false,UNKNOWN
<LOCAL_DATA_ROOT>\HPPC_primary_source_提取\SOC34.4到SOC43.7.csv,CHG_006,0.06233101916666667,3.4123,Historical 1C full discharge rounded reference,<LOCAL_DATA_ROOT>\raw_original\1C\1C_full_discharge.csv,df1671e7809ba8d6f20e6ab814eb64cea98d8d98e787e66d575e5aff8088f572,false,USER_REQUIRED_PHYSICAL_REFERENCE_NO_QREF_OPTIMIZATION,9.300000000000004,1.826657069034571,-7.473342930965433,RECORDED_SEGMENT_DELTA_ONLY_NOT_AN_ABSOLUTE_SOC_ERROR,false,UNKNOWN
<LOCAL_DATA_ROOT>\HPPC_primary_source_提取\SOC34.4到SOC43.7.csv,CHG_006,0.06233101916666667,3.5,MJ1 nominal capacity; frozen README,<REPO_ROOT>\README.md,9ab9ea095560ab80359f786c30f93b44e111359c67de1bb3184281b4869f18de,false,USER_REQUIRED_PHYSICAL_REFERENCE_NO_QREF_OPTIMIZATION,9.300000000000004,1.7808862619047618,-7.519113738095243,RECORDED_SEGMENT_DELTA_ONLY_NOT_AN_ABSOLUTE_SOC_ERROR,false,UNKNOWN
<LOCAL_DATA_ROOT>\HPPC_primary_source_提取\SOC43.7到SOC52.5.csv,CHG_009,0.16527140194444442,3.275789,Historical 0.1C charge throughput,<LOCAL_DATA_ROOT>\raw_original\0.1C\NGU\0.1C dc.csv,65a96280e83c7ff3236453f7aab97ab5aaba67d693cd71447a4dcefbb40ea695,false,USER_REQUIRED_PHYSICAL_REFERENCE_NO_QREF_OPTIMIZATION,8.799999999999997,5.045239542120827,-3.7547604578791702,RECORDED_SEGMENT_DELTA_ONLY_NOT_AN_ABSOLUTE_SOC_ERROR,false,UNKNOWN
<LOCAL_DATA_ROOT>\HPPC_primary_source_提取\SOC43.7到SOC52.5.csv,CHG_009,0.16527140194444442,3.335,Frozen model qRef,<REPO_ROOT>\data\mj1_v02_model.mat,de065506094efbc731a0b7530b2b953d0c52d08b7c0ff483a7195b8e2d27b0ec,false,USER_REQUIRED_PHYSICAL_REFERENCE_NO_QREF_OPTIMIZATION,8.799999999999997,4.955664226220223,-3.8443357737797745,RECORDED_SEGMENT_DELTA_ONLY_NOT_AN_ABSOLUTE_SOC_ERROR,false,UNKNOWN
<LOCAL_DATA_ROOT>\HPPC_primary_source_提取\SOC43.7到SOC52.5.csv,CHG_009,0.16527140194444442,3.3839,Historical 1C full charge rounded reference,<LOCAL_DATA_ROOT>\raw_original\1C\1C_full_charge.csv,9df6afbf73b78742e0449803d8f2eae8e9506583b5ff2f5161fabc65934d72f2,false,USER_REQUIRED_PHYSICAL_REFERENCE_NO_QREF_OPTIMIZATION,8.799999999999997,4.884051004593647,-3.9159489954063504,RECORDED_SEGMENT_DELTA_ONLY_NOT_AN_ABSOLUTE_SOC_ERROR,false,UNKNOWN
<LOCAL_DATA_ROOT>\HPPC_primary_source_提取\SOC43.7到SOC52.5.csv,CHG_009,0.16527140194444442,3.4123,Historical 1C full discharge rounded reference,<LOCAL_DATA_ROOT>\raw_original\1C\1C_full_discharge.csv,df1671e7809ba8d6f20e6ab814eb64cea98d8d98e787e66d575e5aff8088f572,false,USER_REQUIRED_PHYSICAL_REFERENCE_NO_QREF_OPTIMIZATION,8.799999999999997,4.843401868078551,-3.956598131921446,RECORDED_SEGMENT_DELTA_ONLY_NOT_AN_ABSOLUTE_SOC_ERROR,false,UNKNOWN
<LOCAL_DATA_ROOT>\HPPC_primary_source_提取\SOC43.7到SOC52.5.csv,CHG_009,0.16527140194444442,3.5,MJ1 nominal capacity; frozen README,<REPO_ROOT>\README.md,9ab9ea095560ab80359f786c30f93b44e111359c67de1bb3184281b4869f18de,false,USER_REQUIRED_PHYSICAL_REFERENCE_NO_QREF_OPTIMIZATION,8.799999999999997,4.722040055555555,-4.0779599444444425,RECORDED_SEGMENT_DELTA_ONLY_NOT_AN_ABSOLUTE_SOC_ERROR,false,UNKNOWN
<LOCAL_DATA_ROOT>\HPPC_primary_source_提取\SOC52.2到SOC74.csv,CHG_012,1.3973131537083348,3.275789,Historical 0.1C charge throughput,<LOCAL_DATA_ROOT>\raw_original\0.1C\NGU\0.1C dc.csv,65a96280e83c7ff3236453f7aab97ab5aaba67d693cd71447a4dcefbb40ea695,false,USER_REQUIRED_PHYSICAL_REFERENCE_NO_QREF_OPTIMIZATION,21.799999999999997,42.65577403515106,20.855774035151065,RECORDED_SEGMENT_DELTA_ONLY_NOT_AN_ABSOLUTE_SOC_ERROR,false,UNKNOWN
<LOCAL_DATA_ROOT>\HPPC_primary_source_提取\SOC52.2到SOC74.csv,CHG_012,1.3973131537083348,3.335,Frozen model qRef,<REPO_ROOT>\data\mj1_v02_model.mat,de065506094efbc731a0b7530b2b953d0c52d08b7c0ff483a7195b8e2d27b0ec,false,USER_REQUIRED_PHYSICAL_REFERENCE_NO_QREF_OPTIMIZATION,21.799999999999997,41.898445388555764,20.098445388555767,RECORDED_SEGMENT_DELTA_ONLY_NOT_AN_ABSOLUTE_SOC_ERROR,false,UNKNOWN
<LOCAL_DATA_ROOT>\HPPC_primary_source_提取\SOC52.2到SOC74.csv,CHG_012,1.3973131537083348,3.3839,Historical 1C full charge rounded reference,<LOCAL_DATA_ROOT>\raw_original\1C\1C_full_charge.csv,9df6afbf73b78742e0449803d8f2eae8e9506583b5ff2f5161fabc65934d72f2,false,USER_REQUIRED_PHYSICAL_REFERENCE_NO_QREF_OPTIMIZATION,21.799999999999997,41.29298010308622,19.492980103086225,RECORDED_SEGMENT_DELTA_ONLY_NOT_AN_ABSOLUTE_SOC_ERROR,false,UNKNOWN
<LOCAL_DATA_ROOT>\HPPC_primary_source_提取\SOC52.2到SOC74.csv,CHG_012,1.3973131537083348,3.4123,Historical 1C full discharge rounded reference,<LOCAL_DATA_ROOT>\raw_original\1C\1C_full_discharge.csv,df1671e7809ba8d6f20e6ab814eb64cea98d8d98e787e66d575e5aff8088f572,false,USER_REQUIRED_PHYSICAL_REFERENCE_NO_QREF_OPTIMIZATION,21.799999999999997,40.949305562475004,19.149305562475007,RECORDED_SEGMENT_DELTA_ONLY_NOT_AN_ABSOLUTE_SOC_ERROR,false,UNKNOWN
<LOCAL_DATA_ROOT>\HPPC_primary_source_提取\SOC52.2到SOC74.csv,CHG_012,1.3973131537083348,3.5,MJ1 nominal capacity; frozen README,<REPO_ROOT>\README.md,9ab9ea095560ab80359f786c30f93b44e111359c67de1bb3184281b4869f18de,false,USER_REQUIRED_PHYSICAL_REFERENCE_NO_QREF_OPTIMIZATION,21.799999999999997,39.92323296309528,18.123232963095283,RECORDED_SEGMENT_DELTA_ONLY_NOT_AN_ABSOLUTE_SOC_ERROR,false,UNKNOWN
<LOCAL_DATA_ROOT>\HPPC_primary_source_提取\SOC74到SOC100.csv,CHG_015,1.5656475193927784,3.275789,Historical 0.1C charge throughput,<LOCAL_DATA_ROOT>\raw_original\0.1C\NGU\0.1C dc.csv,65a96280e83c7ff3236453f7aab97ab5aaba67d693cd71447a4dcefbb40ea695,false,USER_REQUIRED_PHYSICAL_REFERENCE_NO_QREF_OPTIMIZATION,26.0,47.79451666126171,21.79451666126171,RECORDED_SEGMENT_DELTA_ONLY_NOT_AN_ABSOLUTE_SOC_ERROR,false,UNKNOWN
<LOCAL_DATA_ROOT>\HPPC_primary_source_提取\SOC74到SOC100.csv,CHG_015,1.5656475193927784,3.335,Frozen model qRef,<REPO_ROOT>\data\mj1_v02_model.mat,de065506094efbc731a0b7530b2b953d0c52d08b7c0ff483a7195b8e2d27b0ec,false,USER_REQUIRED_PHYSICAL_REFERENCE_NO_QREF_OPTIMIZATION,26.0,46.94595260548061,20.945952605480613,RECORDED_SEGMENT_DELTA_ONLY_NOT_AN_ABSOLUTE_SOC_ERROR,false,UNKNOWN
<LOCAL_DATA_ROOT>\HPPC_primary_source_提取\SOC74到SOC100.csv,CHG_015,1.5656475193927784,3.3839,Historical 1C full charge rounded reference,<LOCAL_DATA_ROOT>\raw_original\1C\1C_full_charge.csv,9df6afbf73b78742e0449803d8f2eae8e9506583b5ff2f5161fabc65934d72f2,false,USER_REQUIRED_PHYSICAL_REFERENCE_NO_QREF_OPTIMIZATION,26.0,46.26754689538043,20.267546895380427,RECORDED_SEGMENT_DELTA_ONLY_NOT_AN_ABSOLUTE_SOC_ERROR,false,UNKNOWN
<LOCAL_DATA_ROOT>\HPPC_primary_source_提取\SOC74到SOC100.csv,CHG_015,1.5656475193927784,3.4123,Historical 1C full discharge rounded reference,<LOCAL_DATA_ROOT>\raw_original\1C\1C_full_discharge.csv,df1671e7809ba8d6f20e6ab814eb64cea98d8d98e787e66d575e5aff8088f572,false,USER_REQUIRED_PHYSICAL_REFERENCE_NO_QREF_OPTIMIZATION,26.0,45.88246987055002,19.88246987055002,RECORDED_SEGMENT_DELTA_ONLY_NOT_AN_ABSOLUTE_SOC_ERROR,false,UNKNOWN
<LOCAL_DATA_ROOT>\HPPC_primary_source_提取\SOC74到SOC100.csv,CHG_015,1.5656475193927784,3.5,MJ1 nominal capacity; frozen README,<REPO_ROOT>\README.md,9ab9ea095560ab80359f786c30f93b44e111359c67de1bb3184281b4869f18de,false,USER_REQUIRED_PHYSICAL_REFERENCE_NO_QREF_OPTIMIZATION,26.0,44.732786268365096,18.732786268365096,RECORDED_SEGMENT_DELTA_ONLY_NOT_AN_ABSOLUTE_SOC_ERROR,false,UNKNOWN
