CaseID,GroupKey,Band,AmplitudeGroup,TargetSOC,MeanChargeOCVCorrection_mV,SafeStartTime_s,SafeStartSOC,HistoryMinAtMaxTauMultiple,BestAlphaR2,BestAlphaTau2,BestRMSE_mV,NominalRMSE_mV,Improvement_mV,Improvement_pct,BestMAE_mV,BestMaxAbs_mV,ResidualBias_mV,CenteredBestAlphaR2,CenteredBestAlphaTau2,CenteredBestRMSE_mV,CenteredNominalRMSE_mV,AbsVsCenteredDeltaR2,AbsVsCenteredDeltaTau2,ObjectiveRobustPass,CondJ,CondJCentered,JacobianCosine,SigmaAlphaR2_1mV,SigmaAlphaTau2_1mV,Basin1mVWidthR2,Basin1mVWidthTau2,BoundaryRisk,GeometryPass,NumericallyFinite,B12HParityDeltaRMSE_mV
A_MID_02p03,A,MID,0.2C+0.3C,0.3,45.7361189737197,2615,0.170006152929698,34.587399541613,0.7,0.7,0.988971299956679,4.85879523337339,3.86982393341671,79.6457505934027,0.854118910619755,1.69332484218332,0.730640496354524,0.7,0.7,0.666504836610214,1.00888502920605,0,0,1,3.32878319344515,5.64948735885882,0.320482504662919,0.00279671358803238,0.0087171944913308,0.08,0.6,1,1,1,1.50990331349021e-14
A_MID_02p03,A,MID,0.2C+0.3C,0.5,31.8680437992267,2615,0.170006152929698,34.587399541613,1.3,0.79,2.01924954449203,5.84880066770346,3.82955112321143,65.4758358300337,1.65841742078299,3.98578138421479,-1.63066811495622,1.1,0.7,0.935149742376056,2.29271764406155,0.2,0.09,0,2.08406181750735,6.34712564890983,0.315715045256825,0.00299477855398207,0.00571673001661506,0.095,0.6,1,1,1,-1.86517468137026e-14
A_MID_02p03,A,MID,0.2C+0.3C,0.7,31.1657581378464,2615,0.170006152929698,34.587399541613,1.075,1.155,0.64977343448605,1.32719656703552,0.677423132549473,51.0416579860955,0.531099095014429,1.46003206650569,-0.0297471516224247,0.79,0.84,0.570030041659219,0.674065873480314,0.285,0.315,0,4.73663912203514,8.34516180545962,0.251486314354748,0.00253084212963615,0.0115657468980889,0.2,0.495,0,1,1,-3.33066907387547e-15
A_SLOW_02p03,A,SLOW,0.2C+0.3C,0.3,45.7889909047781,2311,0.170005815325934,35.3465920787694,0.7,1.025,3.83816745893814,7.83545966049134,3.9972922015532,51.0154142163313,3.25099468721462,6.95969244477634,3.25099468721462,0.835,1.195,1.20532959924364,2.86196650529047,0.135,0.17,0,5.84888597367758,4.29733824980765,0.260308232113793,0.002068397616015,0.011655132701439,0.105,0.6,1,1,1,-1.50990331349021e-14
A_SLOW_02p03,A,SLOW,0.2C+0.3C,0.5,31.8435272221995,2311,0.170005815325934,35.3465920787694,1.3,1.3,3.56745367735441,7.6534676623678,4.08601398501339,53.3877474272789,3.09048373685742,6.72648122332697,-0.437764330272837,1.3,1.3,3.54049263962099,6.40250428376624,0,0,1,3.64812380777651,2.73749855685885,0.29693584335273,0.00227282496125821,0.00785483961611897,0.095,0.34,1,1,1,-1.15463194561016e-14
A_SLOW_02p03,A,SLOW,0.2C+0.3C,0.7,31.0934228249392,2311,0.170005815325934,35.3465920787694,1.095,1.3,1.59295873834581,3.0100268984811,1.41706816013529,47.0782557076271,1.10232209902257,3.75079815601431,0.213637019318892,1.11,1.3,1.56232710451253,2.77053788403354,0.0150000000000001,0,1,4.2767455669698,3.19229818016305,0.319860037354542,0.00192865122593646,0.00776314479537249,0.19,0.285,1,1,1,1.06581410364015e-14
B_MID_03p04,B,MID,0.3C+0.4C,0.3,45.5069728249185,1714,0.170069233066689,21.0984902767879,0.7,0.73,1.26670337971709,6.8052294660873,5.53852608637021,81.3863237671927,1.08269106063675,2.74769659304175,0.592702910989884,0.7,0.73,1.1194823408571,1.48296173523196,0,0,1,3.89315140402358,5.82855196298259,0.272703558401945,0.00186413284755,0.00694241428714795,0.0649999999999999,0.6,1,1,1,-6.21724893790088e-15
B_MID_03p04,B,MID,0.3C+0.4C,0.5,31.9236425245045,1714,0.170069233066689,21.0984902767879,1.3,1.19,4.08850056744951,9.61252177604424,5.52402120859473,57.4669305026842,3.93497618043202,6.00380052197469,-3.93497618043202,0.78,0.7,0.473112247443994,0.934045969943994,0.52,0.49,0,4.51724080396776,8.50902040817023,0.209868788274863,0.00200966327585962,0.00885483193350688,0.0549999999999999,0.57,1,1,1,0
B_MID_03p04,B,MID,0.3C+0.4C,0.7,31.3422735217099,1714,0.170069233066689,21.0984902767879,1.125,1.135,1.19642985464418,3.01250888608984,1.81607903144566,60.2846033029593,1.02887828481025,2.4867134905584,0.0415469255022524,1.29,1.3,1.16025250776015,1.24284292388404,0.165,0.165,0,4.86692114407305,7.45483691141099,0.235314160770851,0.00169261279805185,0.0079857466314503,0.16,0.465,0,1,1,-7.105427357601e-15
B_SLOW_03p04,B,SLOW,0.3C+0.4C,0.3,45.0951266494505,1574,0.170122363155413,20.8513113112021,0.7,1.3,4.67925264429876,12.2312895396068,7.55203689530803,61.7435869770998,4.4373527671961,8.48377609904194,4.4373527671961,0.71,1.3,1.47128456338036,6.26884379884334,0.01,0,1,6.69329306991954,4.66146394279782,0.297662078242253,0.00150120103094207,0.00957117708101808,0.05,0.55,1,1,1,2.48689957516035e-14
B_SLOW_03p04,B,SLOW,0.3C+0.4C,0.5,31.8730881400973,1574,0.170122363155413,20.8513113112021,1.2,1.3,5.10938281513835,7.58922761040465,2.4798447952663,32.6758521758722,4.34760898355601,9.45506478718849,-3.08675329778049,0.975,1.3,1.90599176869111,3.27315121777551,0.225,0,0,4.19483191899946,2.96104364585719,0.278517968804629,0.0015864621918651,0.00635905049046306,0.23,0.27,1,1,1,1.68753899743024e-14
B_SLOW_03p04,B,SLOW,0.3C+0.4C,0.7,31.6633813087194,1574,0.170122363155413,20.8513113112021,1.115,1.3,2.2398052058158,4.85913920963329,2.6193340038175,53.9053089614029,1.80030759790912,5.14815871634156,0.152391344851658,1.12,1.3,2.23147471738155,4.20315270217241,0.00500000000000012,0,1,4.49189512623477,3.14017191167585,0.276125107706361,0.00131861508446481,0.00566818762147691,0.15,0.175,1,1,1,3.46389583683049e-14
DEV_MID_03p07,DEV,MID,0.3C+0.7C,0.3,45.5153666185287,1698,0.170167127208018,20.9042782323991,0.7,0.795,2.24761774289462,8.12884540059568,5.88122765770106,72.3500985425321,2.0228502176362,4.18765715063474,1.83728358546463,0.7,0.795,1.29467159726199,1.9934711670861,0,0,1,3.01648416029418,6.45270398273841,0.425228701761561,0.00185269171105049,0.00491582221992052,0.055,0.505,1,1,1,-7.105427357601e-15
DEV_MID_03p07,DEV,MID,0.3C+0.7C,0.5,31.9254862949663,1698,0.170167127208018,20.9042782323991,1.3,1.29,3.63235228571226,8.97770489792167,5.34535261220941,59.5403020369589,3.27385591083486,6.20484368094765,-3.27273812279568,0.74,0.715,0.73082553894279,1.13130491669824,0.56,0.575,0,3.25088523149338,9.19945484148139,0.325072599364166,0.0020057363639978,0.00608907331349682,0.0549999999999999,0.35,1,1,1,3.5527136788005e-15
DEV_MID_03p07,DEV,MID,0.3C+0.7C,0.7,31.3428944813879,1698,0.170167127208018,20.9042782323991,1.09,1.185,1.29246330525342,2.4925712761246,1.20010797087118,48.1473882960364,1.07102461417681,3.02717096335758,0.0138545585419123,1.14,1.24,1.29013380329729,1.51468629456631,0.05,0.0549999999999999,1,3.43322254978786,8.59124195909946,0.362885053180894,0.00168973750557163,0.00532859082081774,0.165,0.34,0,1,1,-2.1316282072803e-14
DEV_SLOW_03p07,DEV,SLOW,0.3C+0.7C,0.3,45.1654511193302,1600,0.170160381599865,21.9106497351413,0.7,1.29,4.49334353834451,13.9674221866375,9.47407864829302,67.8298294538327,4.02899187913804,6.5873736530162,4.02899187913804,0.745,1.3,1.45353944678533,9.56375734951387,0.045,0.01,1,5.41170946919985,4.6689913715073,0.374137242822837,0.00112446019756975,0.00561063292357178,0.0600000000000001,0.4,1,1,1,-4.08562073062058e-14
DEV_SLOW_03p07,DEV,SLOW,0.3C+0.7C,0.5,31.9587092808927,1600,0.170160381599865,21.9106497351413,1.035,1.3,6.16818193823384,7.93643877479234,1.7682568365585,22.280230298945,4.73942407520804,12.7585067248797,-4.17242608104965,0.935,1.3,3.51825479923706,6.29652814088281,0.1,0,0,3.9139721461148,3.39370242854183,0.346802802436265,0.00118673312285658,0.00431454357953814,0.21,0.18,1,1,1,-5.32907051820075e-15
DEV_SLOW_03p07,DEV,SLOW,0.3C+0.7C,0.7,31.9257918283692,1600,0.170160381599865,21.9106497351413,1.01,1.3,7.32086532351697,9.89591905364882,2.57505373013185,26.0213701847367,6.03930080938651,16.842810199738,-0.427707190466106,1,1.3,7.29922484194978,9.87110472244831,0.01,0,1,3.94061111441037,3.43402572266188,0.349411039434566,0.000998160847893499,0.00364979636410011,0.19,0.125,1,1,1,-8.17124146124115e-14
