SOC_pct,OCV_star_V,R0_Ohm,R1_Ohm,C1_F,tau1_s,R2_Ohm,C2_F,tau2_s,a1_dt1s,b1_Ohm_dt1s,a2_dt1s,b2_Ohm_dt1s,Rtotal_HPPC90_Ohm,Rtotal_0p5C_apparent_Ohm,Rtotal_blended_Ohm
17.0,3.4317317458577614,0.04309669599194839,0.004716581230450733,667.7879904338449,3.149676301600687,0.023327261118293037,1613.4263223344774,37.63681711622358,0.7279718177048957,0.0012830430187667193,0.9737801415599769,0.0006116374843150974,0.06976329963891412,0.0850659518808924,0.07114053834069216
18.000000000000004,3.443705874417942,0.04283927578889366,0.003407666018214601,936.7045214880035,3.191976166982638,0.023027030981326767,1668.3448518480552,38.41702859104218,0.7310411360411055,0.0009165219810103284,0.9743057396354781,0.000591662529456123,0.06786142207193842,0.08355643003301175,0.06927397278843503
19.000000000000004,3.4555136468414984,0.042584718840529265,0.003344825649081515,948.2975770996089,3.1718900588446277,0.022649138104575684,1724.124916869044,39.04994335170705,0.7295922670395245,0.0009044667209161834,0.9747168779225142,0.0005726409236478233,0.06720800763884398,0.08243772936487168,0.06857868259418647
20.000000000000004,3.46695194973852,0.042330161892164875,0.0032856923673527283,959.2510796274014,3.151803950706617,0.022296328908340584,1779.7933586065549,39.68285811237191,0.7281278577239322,0.000893288222772311,0.9751150667327796,0.0005548426569880528,0.06655459320574954,0.08163892611806782,0.06791218316785819
21.000000000000004,3.478016713792871,0.04207560494380048,0.003229004496335375,969.8710070310588,3.1317178425686065,0.021960185946916275,1835.8575364749158,40.31577287303678,0.7266476597262128,0.0008826559358278562,0.9755009083467813,0.0005380046082352277,0.06590117877265511,0.08105247448817753,0.06726479538705213
22.000000000000007,3.4887114397712593,0.04182104799543608,0.0031752978603194616,979.9495579030624,3.1116317344305964,0.02164447816230651,1891.8768716269205,40.94868763370164,0.7251514194364547,0.0008727261097752667,0.9758749682676845,0.0005221737224950546,0.06524776433956067,0.08072620521179813,0.06664082401806205
23.000000000000007,3.4988555098784406,0.04156649104707169,0.0031234855136608045,989.774280294073,3.091545626292586,0.02134193034568624,1948.352455511187,41.5816023943665,0.7236388778665832,0.0008632099615227716,0.9762377779861535,0.0005071316870782438,0.06459434990646623,0.08056720546149398,0.06603190690641873
24.000000000000007,3.5082428563677253,0.041311934098707294,0.003072016564302315,999.8186708515141,3.071459518154575,0.021042028194069667,2006.2000091288157,42.214517155031366,0.7221097705098256,0.0008536833880515873,0.9765898374994733,0.0004925972993638362,0.06394093547337179,0.08044141751456604,0.06542597885707928
25.00000000000001,3.5168711477060604,0.0410573771503429,0.003020414865338693,1010.2497656971371,3.0513734100165646,0.020741537817387336,2065.778935628285,42.847431915696234,0.7205638271958589,0.0008440131702509797,0.9769316176100563,0.000478473725726969,0.06328752104027735,0.08030761873796151,0.06481932983306893
26.00000000000001,3.525026474749488,0.0408028202019785,0.0029678252650746934,1021.3833467726961,3.0312873018785544,0.02043458392337232,2127.7823340767845,43.480346676361094,0.7190007719414947,0.0008339566084985177,0.9772635620255505,0.0004646096499074369,0.06263410660718291,0.08009102642098963,0.06420522939042551
27.000000000000014,3.53260937280205,0.04054826325361411,0.002913833224213743,1033.4157661178685,3.011201193740544,0.020118269374975378,2192.6966288609974,44.11326143702596,0.7174203227967432,0.0008233900519224445,0.9775860892802436,0.0004509290936067076,0.06198069217408847,0.07975484415980806,0.06358036585280323
28.000000000000014,3.5398162676254326,0.04043476519924636,0.002887361298675976,1047.3552695743108,3.024093071333209,0.019929934110732083,2213.0795440763045,44.106529495249745,0.7184367174691186,0.0008129749251078364,0.9775827068989923,0.00044677517444405247,0.06166513212043928,0.07929767087838514,0.06325206060865442
29.000000000000014,3.5467425207091035,0.040379101142322106,0.0028720978492633173,1062.1176743686246,3.0505058882186833,0.019793528346327464,2214.7412181666073,43.83754308156056,0.7204966742004425,0.0008027609008908534,0.9774467176566993,0.0004464090333648486,0.06148809200526045,0.07878404014584309,0.06304472733791289
30.000000000000014,3.553491854126107,0.04032343708539785,0.002857547872560702,1076.7689089830974,3.076918705104158,0.019662090465695708,2215.865944869143,43.568556667871384,0.7225270199977818,0.0007928923236984168,0.9773090685247457,0.0004461511474173512,0.061311051890081625,0.07833353559644417,0.06284307542365426
31.000000000000018,3.560137364777048,0.04026777302847359,0.002843486766346652,1091.3824388839455,3.1033315219896327,0.019534054733881957,2216.6196851634077,43.2995702541822,0.7245283809017545,0.0007832999034099467,0.9771697289268954,0.00044596776473138815,0.06113401177490278,0.07792626459489625,0.0626453145287022
32.000000000000014,3.566750426664309,0.04021210897154934,0.00282992861821645,1105.944623029967,3.1297443388751076,0.0194095020752495,2216.985457621013,43.030583840493016,0.726501365693357,0.0007739816122674844,0.9770286675313291,0.0004458621252219139,0.060956971659723955,0.07756328282962767,0.062451539665015286
33.00000000000002,3.573305721651759,0.040156444914625083,0.0028169222798788774,1120.427488647749,3.156157155760582,0.01928875054930542,2216.918992108779,42.76159742680383,0.7284465664735297,0.000764944917078322,0.9768858522271612,0.0004458430305500715,0.06077993154454512,0.07724866709192584,0.06226211774380938
34.00000000000002,3.5798624520646385,0.04010078085770083,0.0028048724999718035,1134.657626212261,3.1825699726460566,0.019174548680721094,2216.094455242043,42.49261101311465,0.7303645592200935,0.0007562930328613356,0.9767412501000748,0.0004459760322088318,0.06060289142936629,0.07701745375189332,0.06208020203839373
35.00000000000002,3.5864568460377964,0.040045116800776576,0.002793321490071995,1148.8053920527507,3.2089827895315315,0.01906373960100775,2214.865786206681,42.22362459942547,0.732255904323046,0.0007478953362943279,0.9765948274070375,0.0004461901156288802,0.060425851314187456,0.07682947995495261,0.06190217789185632
36.00000000000002,3.593068789441725,0.03998945274385232,0.0027823225750428734,1162.8398645930374,3.235395606417006,0.018956669262189214,2213.1861671194843,41.954638185736286,0.7341211470991604,0.0007397607346525093,0.9764465495500547,0.0004464949701629744,0.06024881119900863,0.07668918211096172,0.06172844458108441
37.00000000000002,3.5997448299936554,0.03993378868692807,0.002771293878883938,1176.9983862613965,3.261808423302481,0.0188493604140912,2211.515449663968,41.6856517720471,0.7359608182867879,0.0007317301680673484,0.9762963810489215,0.0004467980567271617,0.0600717710838298,0.07654590326242318,0.06155444297990321
38.00000000000002,3.6064880957454273,0.03987812463000381,0.002760883652722418,1191.0031909332893,3.2882212401879554,0.018746215193910388,2209.3347873127964,41.41666535835792,0.7377754345217178,0.0007239715161712287,0.9761442855129233,0.0004472043573792251,0.05989473096865095,0.07645575883515834,0.061385223476636615
39.00000000000002,3.6133510247365646,0.03982246057307955,0.0027503196712368315,1205.1813800912907,3.31463405707343,0.01864197694940648,2207.2594047477774,41.14767894466874,0.7395654987949128,0.0007162781317331035,0.9759902256114423,0.00044758966071194216,0.05971769085347212,0.0763517613007026,0.061214757193722866
40.00000000000002,3.620252643412142,0.0397667965161553,0.0027401015895722816,1219.3149650631851,3.3410468739589048,0.01854003124053385,2204.888006963384,40.878692530979556,0.7413315008928975,0.000708777965575648,0.9758341630434164,0.0004480353721287071,0.059540650738293295,0.07627707971571693,0.06104692934626143
41.00000000000003,3.6272547887510393,0.039711132459231045,0.00272949441653866,1233.7301994245288,3.3674596908443792,0.01843540067424539,2202.811147686251,40.60970611729037,0.7430739178215395,0.0007012783067692608,0.9756760585056,0.00044842160742616683,0.05936361062311446,0.07616824314423258,0.060876027550015095
42.00000000000003,3.6344462179772647,0.03965546840230679,0.002718857877779347,1248.2713919941382,3.3938725077298537,0.018330523910568032,2200.7401370750617,40.34071970360119,0.7447932142139337,0.0006938709799971925,0.9755158716595719,0.00044880689997363414,0.05918657050793563,0.07605634476036383,0.06070485019065417
43.00000000000003,3.6417484507807374,0.03961908989982737,0.002719123865461431,1249.8011919604348,3.3983642481417617,0.01827812737357461,2195.412111828314,40.128022217486354,0.74508332874421,0.0006931500045156046,0.9753877044974666,0.0004498666721513632,0.05910329332646638,0.07591493568643337,0.06061634113886341
44.00000000000003,3.6492028416254567,0.03961172481340852,0.0027358546120804135,1231.7458855896114,3.3698776620014117,0.018305313530002965,2185.1582270789245,40.00000645934513,0.7432322659237562,0.0007024791895059286,0.9753099159657466,0.0004519597293291296,0.05916107421074047,0.07573683804131187,0.0606528929554919
45.00000000000003,3.6569099314262137,0.039604359726989675,0.0027519812241567844,1214.1765527069954,3.3413910758610617,0.018328686019001686,2175.387295077666,39.871990701203906,0.7413543580671292,0.000711787950309239,0.9752316341912223,0.0004539716001128637,0.059218855095014546,0.07550965370761013,0.060685026970148145
46.00000000000003,3.664803599835221,0.03959699464057082,0.002767633969771022,1197.01684756919,3.3129044897207116,0.01834915880180125,2165.9834858021504,39.74397494306268,0.7394490230714081,0.0007211097346045966,0.975152854467884,0.00045592421914026254,0.059276635979288624,0.07524498523322722,0.060713787412143096
47.00000000000003,3.6730608019245525,0.039589629554151975,0.002783159247207114,1180.1041952149371,3.2844179035803616,0.018369055320956538,2156.6682931007977,39.61595918492146,0.7375156620996128,0.0007305357122744993,0.9750735720296686,0.00045787493434085587,0.05933441686356271,0.07497249751637287,0.060741844122315626
48.00000000000003,3.6816103028744203,0.03958226446773312,0.0027982306243753874,1163.5678950396702,3.2559313174400115,0.018386236265125165,2147.6904167537855,39.487943426780234,0.7355536589848738,0.0007399818499325432,0.9749937820494973,0.00045977023133515716,0.05939219774783677,0.07466479340780242,0.06076673135723368
49.000000000000036,3.6905404319243824,0.039574899381314275,0.0028131995039014797,1147.2505689069285,3.2274447312996615,0.018403034193234778,2138.7738160649774,39.35992766863901,0.7335623796095053,0.0007495421815032304,0.9749134796382968,0.0004616680920057049,0.059449978632110864,0.07435169470255164,0.060791133078450535
50.000000000000036,3.6998509058988476,0.03956753429489543,0.002828114218539667,1131.127634162928,3.1989581451593114,0.01841976661408863,2129.8810529168527,39.231911910497786,0.7315411712577782,0.0007592322306583829,0.9748326598440011,0.00046357653197088005,0.05950775951638494,0.0740372663068158,0.060815415127523725
51.000000000000036,3.709539170076639,0.039560169208476575,0.002843043341834366,1115.1682116014929,3.1704715590189614,0.018436876771663415,2120.9609760183107,39.10389615235656,0.7294893619411202,0.0007690734684286641,0.9747513176505332,0.0004655068451239917,0.05956554040065902,0.07372719508194056,0.06084008932197436
52.000000000000036,3.7195603871488703,0.03955280412205773,0.0028581689894369884,1099.2999310014661,3.1419849728786113,0.018455533482006067,2111.880452126533,38.97588039421534,0.7274062596944095,0.0007791189752560783,0.9746694479767681,0.0004674888509824522,0.0596233212849331,0.07343649138012957,0.060866506593500784
53.000000000000036,3.7298248144140254,0.039545439035638875,0.0028734225520464047,1083.5504804265138,3.1134983867382613,0.018475273703613147,2102.6949456492634,38.847864636074114,0.72529115184195,0.0007893545995440322,0.9745870456754743,0.0004695112867630322,0.05968110216920717,0.07315924797022111,0.060894135291298425
54.000000000000036,3.7402925160737452,0.03953807394922003,0.002888648910261036,1067.9774165837034,3.0850118005979112,0.018495088517583802,2093.520603652198,38.71984887793288,0.7231433042316474,0.0007997417925297229,0.974504105532236,0.0004715488250162706,0.059738883053481254,0.07288253109329915,0.060921811377064865
55.000000000000036,3.75087840637256,0.03953070886280118,0.002904873584959066,1052.2059308479795,3.056525214457561,0.01852151375656774,2083.6219775020804,38.59183311979166,0.7209619604358218,0.000810570230328744,0.974420622264353,0.0004737687966152285,0.05979666393775533,0.07269035578856263,0.06095709620432799
56.000000000000036,3.761483236122125,0.03952334377638233,0.002921045632381229,1036.6283206088642,3.028038628317211,0.018547792483340354,2073.7679374081135,38.463817361650435,0.7187463409170102,0.0008215547724556067,0.9743365905197194,0.0004759995934552334,0.05985444482202941,0.07249596782285715,0.06099218189210391
57.00000000000004,3.772087945927162,0.03951597868996348,0.0029376753153442874,1021.0631605573885,2.999552042176861,0.018577151794773594,2063.599524136656,38.33580160350921,0.7164956421570231,0.0008328437538278468,0.9742520048756804,0.0004783244138355752,0.059912225706303494,0.07234089341494648,0.06103080580008136
58.00000000000004,3.7826500388855115,0.03951433693371347,0.002959934459365062,1005.7282606863805,2.976889735562906,0.018626066338911954,2052.405573025385,38.22824235752342,0.714679509700923,0.0008445299511991729,0.9741805035258551,0.000480915654164727,0.06000126422940824,0.07221319203587759,0.06110033773199049
59.00000000000004,3.7931530100966815,0.0395851824849224,0.003049631274989669,992.904718786309,3.0279932834955505,0.018897463401720653,2030.9482166443836,38.37976959482707,0.7187427863561672,0.0008577307950446836,0.974281119253298,0.00048602160764401963,0.060486188016776785,0.07210940073739824,0.06153227716163272
60.00000000000004,3.8035466156660687,0.03965602803613133,0.0031396089007126693,980.7262397330004,3.079096831428195,0.019172456123130194,2009.7214767202136,38.531296832130714,0.7226931498625294,0.0008706350549201969,0.974380953892389,0.0004911800374146214,0.06097111180414533,0.07204868131335487,0.061968093059974194
61.00000000000004,3.8138290165500384,0.03972687358734026,0.003229651848679262,969.2067523132278,3.1302003793608395,0.01944950232053289,1988.8850332482186,38.68282406943436,0.7265351853302633,0.0008831961442468469,0.974480016502924,0.00049635097824634,0.06145603559151387,0.07201150409194211,0.062406027756552414
62.00000000000004,3.823942168807866,0.03979771913854919,0.0033198287046722055,958.2735165872364,3.181303927293484,0.019728845597568136,1968.4046445943547,38.83435130673801,0.7302732365335918,0.0008954466517741124,0.9745783160051343,0.0005015404783648737,0.06194095937888241,0.07200133784451716,0.06284639344078953
63.00000000000004,3.833874263613096,0.03986856468975812,0.003410336088833566,947.826663128591,3.232407475226129,0.020011479299457,1948.1757425648946,38.985878544041654,0.7339114212995392,0.0009074514827686119,0.9746758611823642,0.0005067734797256951,0.06242588316625096,0.0720314044084479,0.06329038007804869
64.00000000000004,3.843608396029265,0.03993941024096705,0.0035014367179219815,937.7610642946186,3.2835110231587734,0.020298742446579178,1928.070464677524,39.137405781345294,0.737453645760747,0.0009192894448898719,0.9747726606836856,0.0005120832633943264,0.0629108069536195,0.07211950086304963,0.06373958940546821
65.00000000000004,3.853105182839115,0.04001025579217598,0.003592874496733146,928.1188569551891,3.334614571091418,0.020588950983299714,1908.2532689750592,39.28893301864894,0.7409036175659859,0.0009309007846429872,0.9748687230264551,0.0005174266297560446,0.06339573074098805,0.07224406997677459,0.06419208127220884
66.00000000000004,3.862422200081084,0.04008110134338491,0.003684661254895941,918.8682174040661,3.3857181190240624,0.02088202707073675,1888.7275704772403,39.44046025595259,0.7442648581337188,0.0009422973687500032,0.9749640565988109,0.0005228012478450636,0.06388065452835659,0.07240437831347889,0.0646477896690176
67.00000000000004,3.871495276227472,0.040151946894593844,0.0037765959194639856,910.0316105421458,3.436821666956707,0.021176711244593922,1869.6003848738997,39.591987493256234,0.7475407140264807,0.0009534367092383844,0.9750586696621141,0.0005281753506214404,0.06436557831572515,0.07258419768157634,0.06510525405865175
68.00000000000004,3.880387374354968,0.04022279244580277,0.003868757366243327,901.5621515381373,3.4879252148893514,0.021473356993819297,1850.8291340752778,39.74351473055988,0.7507343675169666,0.0009643482518200372,0.9751525703533346,0.0005335577271816559,0.06485050210309368,0.07278833213389058,0.0655649068058654
69.00000000000006,3.8890964535010757,0.0402936379970117,0.003961390781299532,893.380370229725,3.539028762821996,0.02177322315613338,1832.2984007365646,39.89504196786353,0.7538488464104797,0.0009751009106357711,0.9752457666873835,0.0005389794459745899,0.06533542589046223,0.07303349304582196,0.06602825193444462
70.00000000000006,3.8977014018285896,0.040364483548220635,0.004053971564422206,885.583989355467,3.590132310754641,0.022073335232276912,1814.2509405016763,40.046569205167174,0.7568870331827339,0.0009855730544195162,0.975338266559393,0.0005443667096435713,0.06582034967783078,0.07328080153437498,0.06649179034491975
71.00000000000006,3.9063264062905545,0.04043532909942956,0.004146305362251349,878.1880591424114,3.6412358586872853,0.022372614741787908,1796.7545102087781,40.19809644247082,0.7598516734868752,0.000995728293957057,0.9754300777469458,0.0005496934048032634,0.06630527346519931,0.07351611500152727,0.06695424920346882
72.00000000000006,3.915027192765138,0.04050617465063849,0.004238830127282001,871.0751069865381,3.6923394066199298,0.02267340452655306,1779.6014547581774,40.34962367977447,0.7627453840789304,0.0010056820138029494,0.975521207912254,0.0005550175553268502,0.06679019725256786,0.07377033116263099,0.06741840930447356
73.00000000000006,3.923885461391916,0.040577020201847426,0.004331578650673591,864.2213974275735,3.7434429545525743,0.02297581999012102,1762.772816573794,40.501150917078114,0.7655706602066658,0.0010154491233403116,0.9756116646042909,0.0005603420039105083,0.06727512103993641,0.0740450966255546,0.06788441884264204
74.00000000000006,3.933048080686048,0.04064786575305635,0.004424338950015233,857.6527579271824,3.794546502485219,0.023278688189625744,1746.3474669719067,40.65267815438176,0.7683298825030045,0.0010249871243965627,0.9757014552608748,0.0005656382464437661,0.06776004482730495,0.07432502333166464,0.06835089289269733
75.00000000000006,3.9425092852520804,0.040718711304265284,0.004517469790292603,851.2840658462435,3.8456500504178637,0.02358385546332183,1730.1753504699464,40.80420539168541,0.7710253234216669,0.001034386184184639,0.9757905872107071,0.0005709512920745786,0.0682449686146735,0.07463461242807595,0.06882003655787972
76.00000000000006,3.9523249750060567,0.04078955685547422,0.004611465098983276,845.0142231824881,3.896753598350508,0.023893814470176668,1714.0725973288363,40.955732628989054,0.7736591532495325,0.0010437629152641032,0.9758790676753666,0.000576341081812478,0.06872989240204204,0.07500704820862106,0.06929483642463416
77.00000000000006,3.962477468075695,0.04086040240668314,0.004706742140336389,838.766396920355,3.9478571462831527,0.0242105947615968,1697.9037595349635,41.1072598662927,0.7762334457273429,0.001053211470592985,0.9759669037712586,0.0005818555536605182,0.06921481618941058,0.07546951751391884,0.06977773930861633
78.00000000000006,3.9729598202303067,0.040931247957892075,0.004802973268773452,832.6010723846945,3.998960694215797,0.02453237030965943,1681.8100567865233,41.25878710359635,0.7787501833077487,0.0010626569552939092,0.9760541025115232,0.0005874496245844554,0.06969973997677913,0.07599809063839957,0.07026659153632496
79.00000000000006,3.983604219967358,0.04116501743203596,0.004815375170640488,814.0459031674548,3.9199364298741726,0.024143687506087943,1669.5251689982667,40.308493963842814,0.7748342233692863,0.001084257690065521,0.9754965389503955,0.0005916039063992498,0.0694802899272744,0.07663351416605207,0.07012408010876439
80.00000000000006,3.9944293710799688,0.04142683419194306,0.004814901610681799,793.06100630314,3.818510716617917,0.023637060844525482,1657.0809357717847,39.1685229031409,0.7696016748640753,0.0011093452667953528,0.974792447591868,0.0005958324500125808,0.06913958221387949,0.0773530759168889,0.06987879664715034
81.00000000000006,4.005232166904743,0.04168865095185016,0.004816609892179171,771.7222458470569,3.7170850033616607,0.02313701620490847,1643.6238582212384,38.02855184243897,0.7641218484831119,0.0011361330379451805,0.9740466983461683,0.0006004819609355817,0.06879887450048458,0.07817001392774257,0.0696422770489378
82.00000000000006,4.015899138925014,0.04195046771175726,0.00482034115554365,750.0836918870781,3.615659290105405,0.022642064408542783,1629.2057171173449,36.888580781737055,0.7583769418129654,0.0011647055715072806,0.9732554816873324,0.0006055511062108707,0.06845816678708966,0.07906601666213442,0.0694128732758437
83.00000000000006,4.0263408151972255,0.04221228447166436,0.004826081012577472,728.1754217740115,3.5142335768491493,0.02215143566549702,1613.8281175480206,35.74860972103514,0.7523474198961928,0.0011951914145548054,0.972414509020084,0.0006110582287427582,0.06811745907369474,0.08003237102974055,0.06918980114973886
84.00000000000006,4.036383855830451,0.042474101231571464,0.004832735712169463,706.1854955153032,3.4128078635928936,0.02165951758836086,1597.8490065231556,34.60863866033321,0.7460118021151267,0.0012274578343877914,0.9715189349340361,0.0006168861297314958,0.06777675136029981,0.08099456438032174,0.06896635453210179
85.00000000000007,4.045953760826793,0.04273591799147856,0.004840083305230036,684.1580901631314,3.311382150336638,0.021164975394087515,1581.3232463752754,33.468667599631296,0.7393464173990311,0.001261585053595348,0.9705632638108638,0.0006230277971253137,0.06743604364690489,0.08193529969014059,0.06874097669079611
