Axis,SOC,FrozenOCV_V,DeltaChargeOCV_V,DeltaChargeOCV_mV,CorrectedChargeOCV_V,DevelopmentSamples
FROZEN_QREF,0.17,3.43173174585776,0.0380284477760644,38.0284477760644,3.46976019363383,177
FROZEN_QREF,0.18,3.44370587441794,0.0390120543371952,39.0120543371952,3.48271792875514,353
FROZEN_QREF,0.19,3.4555136468415,0.0400433375902007,40.0433375902007,3.4955569844317,354
FROZEN_QREF,0.2,3.46695194973852,0.0408313777405613,40.8313777405613,3.50778332747908,353
FROZEN_QREF,0.21,3.47801671379287,0.0415877633345905,41.5877633345905,3.51960447712746,353
FROZEN_QREF,0.22,3.48871143977126,0.0421838032134814,42.1838032134814,3.53089524298474,354
FROZEN_QREF,0.23,3.49885550987844,0.0424596069490271,42.4596069490271,3.54131511682747,353
FROZEN_QREF,0.24,3.50824285636773,0.0431249993621901,43.1249993621901,3.55136785572992,353
FROZEN_QREF,0.25,3.51687114770606,0.0446967485502683,44.6967485502683,3.56156789625633,354
FROZEN_QREF,0.26,3.52502647474949,0.0464727471618112,46.4727471618112,3.5714992219113,353
FROZEN_QREF,0.27,3.53260937280205,0.0474213657739777,47.4213657739777,3.58003073857603,353
FROZEN_QREF,0.28,3.53981626762543,0.0474379836850207,47.4379836850207,3.58725425131045,354
FROZEN_QREF,0.29,3.5467425207091,0.0469115022477489,46.9115022477489,3.59365402295685,353
FROZEN_QREF,0.3,3.55349185412611,0.0459180112573114,45.9180112573114,3.59940986538342,354
FROZEN_QREF,0.31,3.56013736477705,0.0447153853708562,44.7153853708562,3.6048527501479,353
FROZEN_QREF,0.32,3.56675042666431,0.0433599894701981,43.3599894701981,3.61011041613451,352
FROZEN_QREF,0.33,3.57330572165176,0.0420054288531357,42.0054288531357,3.61531115050489,354
FROZEN_QREF,0.34,3.57986245206464,0.040668775342815,40.668775342815,3.62053122740745,353
FROZEN_QREF,0.35,3.5864568460378,0.0393543767974838,39.3543767974838,3.62581122283528,353
FROZEN_QREF,0.36,3.59306878944173,0.0381023059539334,38.1023059539334,3.63117109539566,354
FROZEN_QREF,0.37,3.59974482999366,0.0368582449226862,36.8582449226862,3.63660307491634,353
FROZEN_QREF,0.38,3.60648809574543,0.0357125342511986,35.7125342511986,3.64220062999663,353
FROZEN_QREF,0.39,3.61335102473656,0.0345794900473146,34.5794900473146,3.64793051478388,354
FROZEN_QREF,0.4,3.62025264341214,0.033579865305347,33.579865305347,3.65383250871749,353
FROZEN_QREF,0.41,3.62725478875104,0.0327599969222472,32.7599969222472,3.66001478567329,354
FROZEN_QREF,0.42,3.63444621797726,0.0319667449974306,31.9667449974306,3.6664129629747,353
FROZEN_QREF,0.43,3.64174845078074,0.0313628325284339,31.3628325284339,3.67311128330917,353
FROZEN_QREF,0.44,3.64920284162546,0.0309243715636851,30.9243715636851,3.68012721318914,354
FROZEN_QREF,0.45,3.65690993142621,0.0306312364026495,30.6312364026495,3.68754116782886,353
FROZEN_QREF,0.46,3.66480359983522,0.0305522110677834,30.5522110677834,3.695355810903,353
FROZEN_QREF,0.47,3.67306080192455,0.0306354134161828,30.6354134161828,3.70369621534074,354
FROZEN_QREF,0.48,3.68161030287442,0.0309790627387496,30.9790627387496,3.71258936561317,353
FROZEN_QREF,0.49,3.69054043192438,0.0313412561730821,31.3412561730821,3.72188168809746,353
FROZEN_QREF,0.5,3.69985090589885,0.0318138906355121,31.8138906355121,3.73166479653436,354
FROZEN_QREF,0.51,3.70953917007664,0.0323562921560683,32.3562921560683,3.74189546223271,353
FROZEN_QREF,0.52,3.71956038714887,0.0329304014035889,32.9304014035889,3.75249078855246,353
FROZEN_QREF,0.53,3.72982481441403,0.0336107409223085,33.6107409223085,3.76343555533633,354
FROZEN_QREF,0.54,3.74029251607375,0.0343457673998673,34.3457673998673,3.77463828347361,353
FROZEN_QREF,0.55,3.75087840637256,0.0354918287088597,35.4918287088597,3.78637023508142,353
FROZEN_QREF,0.56,3.76148323612213,0.0372623446122837,37.2623446122837,3.79874558073441,354
FROZEN_QREF,0.57,3.77208794592716,0.039977448886674,39.977448886674,3.81206539481384,353
FROZEN_QREF,0.58,3.78265003888551,0.0431339387377059,43.1339387377059,3.82578397762322,353
FROZEN_QREF,0.59,3.79315301009668,0.0442329739020382,44.2329739020382,3.83738598399872,354
FROZEN_QREF,0.6,3.80354661566607,0.0439195773216756,43.9195773216756,3.84746619298774,353
FROZEN_QREF,0.61,3.81382901655004,0.0429917615370363,42.9917615370363,3.85682077808707,354
FROZEN_QREF,0.62,3.82394216880787,0.0418403649676051,41.8403649676051,3.86578253377547,353
FROZEN_QREF,0.63,3.8338742636131,0.0404262198712777,40.4262198712777,3.87430048348437,351
FROZEN_QREF,0.64,3.84360839602927,0.0390498913195998,39.0498913195998,3.88265828734886,354
FROZEN_QREF,0.65,3.85310518283912,0.0376625020767731,37.6625020767731,3.89076768491589,353
FROZEN_QREF,0.66,3.86242220008108,0.0362324648482533,36.2324648482533,3.89865466492934,353
FROZEN_QREF,0.67,3.87149527622747,0.0348321532230125,34.8321532230125,3.90632742945048,354
FROZEN_QREF,0.68,3.88038737435497,0.0334517079262633,33.4517079262633,3.91383908228123,353
FROZEN_QREF,0.690000000000001,3.88909645350108,0.0321729040632452,32.1729040632452,3.92126935756432,353
FROZEN_QREF,0.700000000000001,3.89770140182859,0.0310233721228179,31.0233721228179,3.92872477395141,354
FROZEN_QREF,0.710000000000001,3.90632640629055,0.0300639602077193,30.0639602077193,3.93639036649827,353
FROZEN_QREF,0.720000000000001,3.91502719276514,0.0294116845248564,29.4116845248564,3.94443887728999,353
FROZEN_QREF,0.730000000000001,3.92388546139192,0.0290610985966664,29.0610985966664,3.95294655998858,354
FROZEN_QREF,0.740000000000001,3.93304808068605,0.0289018830027086,28.9018830027086,3.96194996368876,353
FROZEN_QREF,0.750000000000001,3.94250928525208,0.0290144272029913,29.0144272029913,3.97152371245507,353
FROZEN_QREF,0.760000000000001,3.95232497500606,0.029260111462583,29.260111462583,3.98158508646864,354
FROZEN_QREF,0.770000000000001,3.96247746807569,0.0296673991474741,29.6673991474741,3.99214486722317,353
FROZEN_QREF,0.780000000000001,3.97295982023031,0.0300985337444342,30.0985337444342,4.00305835397474,353
FROZEN_QREF,0.790000000000001,3.98360421996736,0.0307711720972175,30.7711720972175,4.01437539206458,354
FROZEN_QREF,0.800000000000001,3.99442937107997,0.0313604215550738,31.3604215550738,4.02578979263504,353
FROZEN_QREF,0.810000000000001,4.00523216690474,0.0318723113854826,31.8723113854826,4.03710447829023,353
FROZEN_QREF,0.820000000000001,4.01589913892501,0.0321787779152558,32.1787779152558,4.04807791684027,354
FROZEN_QREF,0.830000000000001,4.02634081519723,0.0322321514413773,32.2321514413773,4.0585729666386,353
FROZEN_QREF,0.840000000000001,4.03638385583045,0.0318341780807856,31.8341780807856,4.06821803391124,354
FROZEN_QREF,0.850000000000001,4.04595376082679,0.0311543956999425,31.1543956999425,4.07710815652674,176
NOMINAL_3P5,0.17,3.43173174585776,-0.00150772208989025,-1.50772208989025,3.43022402376787,186
NOMINAL_3P5,0.18,3.44370587441794,-0.00390082577201989,-3.90082577201989,3.43980504864592,371
NOMINAL_3P5,0.19,3.4555136468415,-0.00651821665460939,-6.51821665460939,3.44899543018689,370
NOMINAL_3P5,0.2,3.46695194973852,-0.00729432081112424,-7.29432081112424,3.4596576289274,371
NOMINAL_3P5,0.21,3.47801671379287,-0.00606487360073427,-6.06487360073427,3.47195184019214,371
NOMINAL_3P5,0.22,3.48871143977126,-0.00329462391211965,-3.29462391211965,3.48541681585914,371
NOMINAL_3P5,0.23,3.49885550987844,-9.83758255301836e-05,-0.0983758255301836,3.49875713405291,371
NOMINAL_3P5,0.24,3.50824285636773,0.00320566916763809,3.20566916763809,3.51144852553536,370
NOMINAL_3P5,0.25,3.51687114770606,0.00687044339694065,6.87044339694065,3.523741591103,371
NOMINAL_3P5,0.26,3.52502647474949,0.0102111309686048,10.2111309686048,3.53523760571809,371
NOMINAL_3P5,0.27,3.53260937280205,0.0133579952187124,13.3579952187124,3.54596736802076,371
NOMINAL_3P5,0.28,3.53981626762543,0.0166722306038229,16.6722306038229,3.55648849822926,371
NOMINAL_3P5,0.29,3.5467425207091,0.0202611470957375,20.2611470957375,3.56700366780484,371
NOMINAL_3P5,0.3,3.55349185412611,0.0231354901318668,23.1354901318668,3.57662734425797,370
NOMINAL_3P5,0.31,3.56013736477705,0.0244865431349197,24.4865431349197,3.58462390791197,371
NOMINAL_3P5,0.32,3.56675042666431,0.0248665436502225,24.8665436502225,3.59161697031453,371
NOMINAL_3P5,0.33,3.57330572165176,0.0245711105692563,24.5711105692563,3.59787683222102,371
NOMINAL_3P5,0.34,3.57986245206464,0.0237706124902055,23.7706124902055,3.60363306455484,371
NOMINAL_3P5,0.35,3.5864568460378,0.0227187555526693,22.7187555526693,3.60917560159047,370
NOMINAL_3P5,0.36,3.59306878944173,0.0215518477639218,21.5518477639218,3.61462063720565,371
NOMINAL_3P5,0.37,3.59974482999366,0.0203657028872075,20.3657028872075,3.62011053288086,370
NOMINAL_3P5,0.38,3.60648809574543,0.0191541307448593,19.1541307448593,3.62564222649029,371
NOMINAL_3P5,0.39,3.61335102473656,0.0178984057207257,17.8984057207257,3.63124943045729,371
NOMINAL_3P5,0.4,3.62025264341214,0.0167001623774787,16.7001623774787,3.63695280578962,371
NOMINAL_3P5,0.41,3.62725478875104,0.0155540038191142,15.5540038191142,3.64280879257015,371
NOMINAL_3P5,0.42,3.63444621797726,0.0143961498113176,14.3961498113176,3.64884236778858,371
NOMINAL_3P5,0.43,3.64174845078074,0.0133129496953388,13.3129496953388,3.65506140047608,371
NOMINAL_3P5,0.44,3.64920284162546,0.0123225548488692,12.3225548488692,3.66152539647433,370
NOMINAL_3P5,0.45,3.65690993142621,0.0113465416989391,11.3465416989391,3.66825647312515,371
NOMINAL_3P5,0.46,3.66480359983522,0.010542887122956,10.542887122956,3.67534648695818,371
NOMINAL_3P5,0.47,3.67306080192455,0.00979089244770215,9.79089244770215,3.68285169437225,371
NOMINAL_3P5,0.48,3.68161030287442,0.00919746219608353,9.19746219608353,3.6908077650705,371
NOMINAL_3P5,0.49,3.69054043192438,0.00872471294915478,8.72471294915478,3.69926514487354,370
NOMINAL_3P5,0.5,3.69985090589885,0.00839305157839609,8.39305157839609,3.70824395747724,371
NOMINAL_3P5,0.51,3.70953917007664,0.00831052534735877,8.31052534735877,3.717849695424,371
NOMINAL_3P5,0.52,3.71956038714887,0.00836988431986763,8.36988431986763,3.72793027146874,371
NOMINAL_3P5,0.53,3.72982481441403,0.00869446604627377,8.69446604627377,3.7385192804603,371
NOMINAL_3P5,0.54,3.74029251607375,0.0092061542801205,9.2061542801205,3.74949867035387,371
NOMINAL_3P5,0.55,3.75087840637256,0.0100171941604934,10.0171941604934,3.76089560053305,370
NOMINAL_3P5,0.56,3.76148323612213,0.011134277511923,11.134277511923,3.77261751363405,371
NOMINAL_3P5,0.57,3.77208794592716,0.0127321065214452,12.7321065214452,3.78482005244861,371
NOMINAL_3P5,0.58,3.78265003888551,0.0150477977014742,15.0477977014742,3.79769783658699,371
NOMINAL_3P5,0.59,3.79315301009668,0.0183448668798594,18.3448668798594,3.81149787697654,371
NOMINAL_3P5,0.6,3.80354661566607,0.0222306890487993,22.2306890487993,3.82577730471487,371
NOMINAL_3P5,0.61,3.81382901655004,0.0240331201451214,24.0331201451214,3.83786213669516,370
NOMINAL_3P5,0.62,3.82394216880787,0.0243958355753775,24.3958355753775,3.84833800438324,371
NOMINAL_3P5,0.63,3.8338742636131,0.0242288722158044,24.2288722158044,3.8581031358289,371
NOMINAL_3P5,0.64,3.84360839602927,0.0237911815857563,23.7911815857563,3.86739957761502,369
NOMINAL_3P5,0.65,3.85310518283912,0.0232143281657491,23.2143281657491,3.87631951100486,371
NOMINAL_3P5,0.66,3.86242220008108,0.0225962368589845,22.5962368589845,3.88501843694007,371
NOMINAL_3P5,0.67,3.87149527622747,0.0219424561235031,21.9424561235031,3.89343773235098,370
NOMINAL_3P5,0.68,3.88038737435497,0.0212487606237497,21.2487606237497,3.90163613497872,371
NOMINAL_3P5,0.690000000000001,3.88909645350108,0.0205083027768231,20.5083027768231,3.9096047562779,371
NOMINAL_3P5,0.700000000000001,3.89770140182859,0.0197297840063171,19.7297840063171,3.91743118583491,371
NOMINAL_3P5,0.710000000000001,3.90632640629055,0.0189046529085095,18.9046529085095,3.92523105919906,371
NOMINAL_3P5,0.720000000000001,3.91502719276514,0.0181716884206145,18.1716884206145,3.93319888118575,371
NOMINAL_3P5,0.730000000000001,3.92388546139192,0.0175780305268376,17.5780305268376,3.94146349191875,370
NOMINAL_3P5,0.740000000000001,3.93304808068605,0.0172049349572569,17.2049349572569,3.9502530156433,371
NOMINAL_3P5,0.750000000000001,3.94250928525208,0.0170554241310357,17.0554241310357,3.95956470938312,371
NOMINAL_3P5,0.760000000000001,3.95232497500606,0.0171777705116374,17.1777705116374,3.96950274551769,371
NOMINAL_3P5,0.770000000000001,3.96247746807569,0.0175160908205259,17.5160908205259,3.97999355889622,371
NOMINAL_3P5,0.780000000000001,3.97295982023031,0.0180427747445902,18.0427747445902,3.9910025949749,371
NOMINAL_3P5,0.790000000000001,3.98360421996736,0.0190465275958986,19.0465275958986,4.00265074756326,370
NOMINAL_3P5,0.800000000000001,3.99442937107997,0.0201492100831833,20.1492100831833,4.01457858116315,371
NOMINAL_3P5,0.810000000000001,4.00523216690474,0.0213089090602923,21.3089090602923,4.02654107596504,371
NOMINAL_3P5,0.820000000000001,4.01589913892501,0.0224979042699456,22.4979042699456,4.03839704319496,371
NOMINAL_3P5,0.830000000000001,4.02634081519723,0.0235260940048567,23.5260940048567,4.04986690920208,371
NOMINAL_3P5,0.840000000000001,4.03638385583045,0.0243316050892197,24.3316050892197,4.06071546091967,371
NOMINAL_3P5,0.850000000000001,4.04595376082679,0.0246584911767016,24.6584911767016,4.07061225200349,185
SELF_NORMALIZED,0.17,3.43173174585776,0.0566099273716758,56.6099273716758,3.48834167322944,173
SELF_NORMALIZED,0.18,3.44370587441794,0.0571421108340577,57.1421108340577,3.500847985252,348
SELF_NORMALIZED,0.19,3.4555136468415,0.0572047451949675,57.2047451949675,3.51271839203647,347
SELF_NORMALIZED,0.2,3.46695194973852,0.0572089451110998,57.2089451110998,3.52416089484962,347
SELF_NORMALIZED,0.21,3.47801671379287,0.0568497698212789,56.8497698212789,3.53486648361415,347
SELF_NORMALIZED,0.22,3.48871143977126,0.0561845191591526,56.1845191591526,3.54489595893041,347
SELF_NORMALIZED,0.23,3.49885550987844,0.0560236381906356,56.0236381906356,3.55487914806908,347
SELF_NORMALIZED,0.24,3.50824285636773,0.0565974583444189,56.5974583444189,3.56484031471214,347
SELF_NORMALIZED,0.25,3.51687114770606,0.057368131074726,57.3681310747261,3.57423927878079,347
SELF_NORMALIZED,0.26,3.52502647474949,0.0571269691427125,57.1269691427125,3.5821534438922,347
SELF_NORMALIZED,0.27,3.53260937280205,0.0564707937828013,56.4707937828013,3.58908016658485,347
SELF_NORMALIZED,0.28,3.53981626762543,0.0553926623534808,55.3926623534808,3.59520892997891,347
SELF_NORMALIZED,0.29,3.5467425207091,0.0540479414473352,54.0479414473352,3.60079046215644,348
SELF_NORMALIZED,0.3,3.55349185412611,0.0525518185241802,52.5518185241802,3.60604367265029,347
SELF_NORMALIZED,0.31,3.56013736477705,0.0510404774222553,51.0404774222553,3.6111778421993,346
SELF_NORMALIZED,0.32,3.56675042666431,0.0495585995405792,49.5585995405792,3.61630902620489,347
SELF_NORMALIZED,0.33,3.57330572165176,0.0481628279537758,48.1628279537758,3.62146854960553,347
SELF_NORMALIZED,0.34,3.57986245206464,0.0467917272508851,46.7917272508851,3.62665417931552,347
SELF_NORMALIZED,0.35,3.5864568460378,0.0454755906498461,45.4755906498461,3.63193243668764,347
SELF_NORMALIZED,0.36,3.59306878944173,0.0442297896848527,44.2297896848527,3.63729857912658,347
SELF_NORMALIZED,0.37,3.59974482999366,0.0430544144864009,43.0544144864009,3.64279924448006,347
SELF_NORMALIZED,0.38,3.60648809574543,0.0419672083939213,41.9672083939213,3.64845530413935,347
SELF_NORMALIZED,0.39,3.61335102473656,0.0409268376244518,40.9268376244518,3.65427786236102,347
SELF_NORMALIZED,0.4,3.62025264341214,0.0401079728507359,40.1079728507359,3.66036061626288,347
SELF_NORMALIZED,0.41,3.62725478875104,0.0394139329017671,39.4139329017671,3.66666872165281,348
SELF_NORMALIZED,0.42,3.63444621797726,0.0388352998311579,38.8352998311579,3.67328151780842,347
SELF_NORMALIZED,0.43,3.64174845078074,0.0384726164611227,38.4726164611227,3.68022106724186,347
SELF_NORMALIZED,0.44,3.64920284162546,0.0382974982411879,38.2974982411879,3.68750033986664,347
SELF_NORMALIZED,0.45,3.65690993142621,0.0382841228786264,38.2841228786264,3.69519405430484,347
SELF_NORMALIZED,0.46,3.66480359983522,0.0385538936699787,38.5538936699787,3.7033574935052,347
SELF_NORMALIZED,0.47,3.67306080192455,0.0389977295357213,38.9977295357213,3.71205853146027,347
SELF_NORMALIZED,0.48,3.68161030287442,0.0395429540134624,39.5429540134624,3.72115325688788,347
SELF_NORMALIZED,0.49,3.69054043192438,0.0401935133959102,40.1935133959102,3.73073394532029,347
SELF_NORMALIZED,0.5,3.69985090589885,0.0409065026055071,40.9065026055071,3.74075740850435,347
SELF_NORMALIZED,0.51,3.70953917007664,0.0415675971094536,41.5675971094536,3.75110676718609,347
SELF_NORMALIZED,0.52,3.71956038714887,0.0422399161086093,42.2399161086093,3.76180030325748,347
SELF_NORMALIZED,0.53,3.72982481441403,0.042957918339404,42.957918339404,3.77278273275343,347
SELF_NORMALIZED,0.54,3.74029251607375,0.0438922340886712,43.8922340886712,3.78418475016242,347
SELF_NORMALIZED,0.55,3.75087840637256,0.0453202839197284,45.3202839197284,3.79619869029229,348
SELF_NORMALIZED,0.56,3.76148323612213,0.0475775495216966,47.5775495216966,3.80906078564382,347
SELF_NORMALIZED,0.57,3.77208794592716,0.050562196854024,50.562196854024,3.82265014278119,347
SELF_NORMALIZED,0.58,3.78265003888551,0.0520952168375244,52.0952168375244,3.83474525572304,347
SELF_NORMALIZED,0.59,3.79315301009668,0.051775415441472,51.775415441472,3.84492842553815,347
SELF_NORMALIZED,0.6,3.80354661566607,0.0507204775885715,50.7204775885715,3.85426709325464,347
SELF_NORMALIZED,0.61,3.81382901655004,0.0493185628761474,49.3185628761474,3.86314757942619,347
SELF_NORMALIZED,0.62,3.82394216880787,0.0476977716974911,47.6977716974911,3.87163994050536,345
SELF_NORMALIZED,0.63,3.8338742636131,0.0460408744039005,46.0408744039005,3.879915138017,347
SELF_NORMALIZED,0.64,3.84360839602927,0.0443871984763264,44.3871984763264,3.88799559450559,347
SELF_NORMALIZED,0.65,3.85310518283912,0.0426882705675862,42.6882705675862,3.8957934534067,347
SELF_NORMALIZED,0.66,3.86242220008108,0.0410011487582951,41.0011487582951,3.90342334883938,347
SELF_NORMALIZED,0.67,3.87149527622747,0.0393297380349129,39.3297380349129,3.91082501426239,348
SELF_NORMALIZED,0.68,3.88038737435497,0.0377610202160987,37.7610202160987,3.91814839457107,347
SELF_NORMALIZED,0.690000000000001,3.88909645350108,0.0363303801327404,36.3303801327404,3.92542683363382,347
SELF_NORMALIZED,0.700000000000001,3.89770140182859,0.0351668756924242,35.1668756924242,3.93286827752101,347
SELF_NORMALIZED,0.710000000000001,3.90632640629055,0.0342304546728092,34.2304546728092,3.94055686096336,347
SELF_NORMALIZED,0.720000000000001,3.91502719276514,0.0336469536841242,33.6469536841242,3.94867414644926,347
SELF_NORMALIZED,0.730000000000001,3.92388546139192,0.0333898679328959,33.3898679328959,3.95727532932481,347
SELF_NORMALIZED,0.740000000000001,3.93304808068605,0.0333299453904012,33.3299453904012,3.96637802607645,347
SELF_NORMALIZED,0.750000000000001,3.94250928525208,0.0335037113303156,33.5037113303156,3.9760129965824,347
SELF_NORMALIZED,0.760000000000001,3.95232497500606,0.0337682966801096,33.7682966801096,3.98609327168617,347
SELF_NORMALIZED,0.770000000000001,3.96247746807569,0.0341495416119852,34.1495416119852,3.99662700968768,347
SELF_NORMALIZED,0.780000000000001,3.97295982023031,0.0344901250208616,34.4901250208616,4.00744994525117,347
SELF_NORMALIZED,0.790000000000001,3.98360421996736,0.0349919479017751,34.9919479017751,4.01859616786913,347
SELF_NORMALIZED,0.800000000000001,3.99442937107997,0.0353816554753914,35.3816554753914,4.02981102655536,347
SELF_NORMALIZED,0.810000000000001,4.00523216690474,0.0355955586104368,35.5955586104368,4.04082772551518,348
SELF_NORMALIZED,0.820000000000001,4.01589913892501,0.0355908932909363,35.5908932909363,4.05149003221595,347
SELF_NORMALIZED,0.830000000000001,4.02634081519723,0.0352028935565789,35.2028935565789,4.0615437087538,347
SELF_NORMALIZED,0.840000000000001,4.03638385583045,0.0343405128824257,34.3405128824257,4.07072436871288,347
SELF_NORMALIZED,0.850000000000001,4.04595376082679,0.0332850177141983,33.2850177141983,4.07923877854099,173
