Axis,SOC_Low,SOC_High,NSamples,FrozenRMSE_mV,CorrectedRMSE_mV,RMSEImprovement_pct,FrozenMAE_mV,CorrectedMAE_mV,FrozenMeanBias_mV,CorrectedMeanBias_mV,FrozenMaxAbs_mV,CorrectedMaxAbs_mV,FrozenCenteredRMSE_mV,CorrectedCenteredRMSE_mV,Improved
FROZEN_QREF,0.17,0.3,459,8.18747104526374,35.5584382628158,-334.303071928243,8.0177588392713,35.3862179478372,-8.0177588392713,35.3862179478372,11.2503995632065,39.9636512877768,1.65838032800652,3.49544146548738,0
FROZEN_QREF,0.3,0.5,706,19.6508433069446,18.5373340240662,5.66647072334478,19.1916902820546,16.2492332909539,-19.1916902820546,16.2492332909539,26.6672249297883,34.6027201934112,4.22311103237659,8.92161253227002,1
FROZEN_QREF,0.5,0.7,706,26.8116215193112,11.3863681364762,57.5319675153734,26.6277591874153,10.7409628222852,-26.6277591874153,10.7409628222852,30.4908326788964,14.9424016619752,3.1345636302062,3.77903386987309,1
FROZEN_QREF,0.7,0.85,681,28.6397138031062,7.13935467112185,75.0718365406726,27.6441248426821,6.55125277026266,-27.6441248426821,3.06723206605079,38.9065162129372,10.3119511514187,7.48569091039936,6.44689635197117,1
NOMINAL_3P5,0.17,0.3,481,22.2802887022245,26.3968276156363,-18.4761470931965,21.7451345405764,25.908955327704,21.7451345405764,25.908955327704,29.65836425602,36.0675435018529,4.85390445586894,5.05158806680254,0
NOMINAL_3P5,0.3,0.5,741,5.21098758415738,22.0545478314637,-323.231632685419,3.71371995852121,19.7303403913649,2.87056407884055,19.7303403913649,12.9630710676065,36.1375387088123,4.34905201986739,9.85478300578945,0
NOMINAL_3P5,0.5,0.7,742,5.95507649595922,12.5350604293763,-110.493692866614,5.73080058658766,11.4703751922513,-5.73080058658766,11.4703751922513,7.70333371978449,17.4077584550147,1.61890725784167,5.05551509908761,0
NOMINAL_3P5,0.7,0.85,680,17.791456317053,8.72650770030633,50.9511332585966,14.9870056129096,7.83474475688193,-14.9870056129096,5.22001509668667,31.9068807279734,13.6838924229945,9.58778288449539,6.99309509687012,1
SELF_NORMALIZED,0.17,0.3,465,1.82455517143374,56.9427841006904,-3020.91325010165,1.62617058309863,56.8770141926721,0.551254071716461,56.8770141926721,4.01050607303333,60.132275836891,1.73928736039265,2.73604050854739,0
SELF_NORMALIZED,0.3,0.5,717,13.1983972988283,30.9852729062919,-134.765420412391,12.5453252838836,29.8916551968062,-12.5453252838836,29.8916551968062,19.1384711338949,48.5165734203918,4.10030544950833,8.15941705470665,0
SELF_NORMALIZED,0.5,0.7,717,20.5479184164996,24.2871089631272,-18.1974177181135,20.4241088041504,24.1347369129636,-20.4241088041504,24.1347369129636,23.7079419505193,28.4086491609079,2.25227236526823,2.71627243273652,0
SELF_NORMALIZED,0.7,0.85,680,25.2635181427537,13.1740352323961,47.8535208043668,23.9079607939452,11.2426241192578,-23.9079607939452,10.5721074541522,36.9078055631444,18.7747126203304,8.16423662227058,7.8603911023735,1
