time_s,SOC_ref,SOC_hat,Voltage_meas_V,Voltage_hat_V
0,0.499883391637525,0.499883391637525,3.476033,3.49297088925946
1,0.499600199900061,0.481937561525791,3.475773,3.47626915445695
2,0.499317008162596,0.481334076549929,3.475508,3.47579735483825
3,0.499033816425131,0.480887562835781,3.475218,3.47545413185822
4,0.498750624687667,0.480477074765576,3.474894,3.47513117883929
5,0.498467432950202,0.480099392969113,3.474614,3.47482544484829
6,0.498184241212738,0.479744134750885,3.474317,3.47453617547537
7,0.497901049475273,0.479391621695661,3.474022,3.4742520712903
8,0.497617857737809,0.479051891208416,3.473774,3.47397683897052
9,0.497334666000344,0.478707595458844,3.473465,3.4736995940224
10,0.497051474262879,0.478374834910443,3.473229,3.4734306491136
11,0.496768282525415,0.478028449570244,3.472885,3.47315491688677
12,0.49648509078795,0.477680788835811,3.472593,3.47287981172005
13,0.496201899050486,0.477330555270181,3.472296,3.4726045740578
14,0.495918707313021,0.476979001703995,3.472006,3.47232976835443
15,0.495635515575557,0.476636573722694,3.471773,3.47206046049973
16,0.495352323838092,0.476296315625655,3.47151,3.47179285750356
17,0.495069132100627,0.475949459516628,3.471201,3.47152259197823
18,0.494785940363163,0.475597360958187,3.470896,3.47125019887313
19,0.494502748625698,0.475241598599148,3.470597,3.47097626722069
20,0.494219556888234,0.474890905575308,3.470346,3.47070453544087
21,0.493936365150769,0.474540685803519,3.470071,3.4704328369398
22,0.493653173413305,0.474183037453223,3.469749,3.47015762150504
23,0.49336998167584,0.473826329170707,3.469472,3.46988237471155
24,0.493086789938375,0.473474212624038,3.469217,3.46960858674323
25,0.492803598200911,0.473124282952755,3.468949,3.4693351913694
26,0.492520406463446,0.472767946538796,3.468627,3.4690584534904
27,0.492237214725982,0.472414112405859,3.468357,3.46878210090605
28,0.491954022988517,0.472060124323241,3.46807,3.46850497643833
29,0.491670831251053,0.471710655740308,3.467813,3.46822909156843
30,0.491387639513588,0.471359872714683,3.467518,3.46795192917723
31,0.491104447776123,0.471013796540569,3.467263,3.46767612543835
32,0.490821256038659,0.470660945996863,3.466928,3.46739661133616
33,0.490538064301194,0.470313517247163,3.466676,3.46711877545866
34,0.49025487256373,0.469965648005746,3.466383,3.46684104110789
35,0.489971680826265,0.469625371122243,3.466123,3.46657447550824
36,0.489688489088801,0.469285342136402,3.465851,3.46630752327398
37,0.489405297351336,0.468945325676246,3.465576,3.46604007275628
38,0.489122105613871,0.468597466425195,3.465231,3.46576853674481
39,0.488838913876407,0.468251874839122,3.464969,3.46549743231265
40,0.488555722138942,0.467910356929974,3.464724,3.46522764206275
41,0.488272530401478,0.467567288525198,3.464429,3.46495659205738
42,0.487989338664013,0.467222397727023,3.464129,3.46468412871992
43,0.487706146926549,0.4668837168547,3.463904,3.46441410012866
44,0.487422955189084,0.466539457466021,3.463567,3.46414087408266
45,0.487139763451619,0.466199334470459,3.463322,3.46386915434352
46,0.486856571714155,0.465862099294202,3.463067,3.46359840283183
47,0.48657337997669,0.465529182265785,3.462829,3.46332940627632
48,0.486290188239226,0.465192218044487,3.462504,3.4630579739798
49,0.486006996501761,0.464853275704377,3.462197,3.46278511279572
50,0.485723804764297,0.464518966312615,3.461962,3.46251425816357
51,0.485440613026832,0.464181691994969,3.461643,3.4622414795012
52,0.485157421289367,0.463848355997061,3.461402,3.46197043130034
53,0.484874229551903,0.463517510729034,3.461147,3.46170040889658
54,0.484591037814438,0.463186413433943,3.46086,3.46142996377874
55,0.484307846076974,0.462858430865159,3.460615,3.46116096480295
56,0.484024654339509,0.462526662284263,3.460283,3.46088961320567
57,0.483741462602045,0.462197023370436,3.460025,3.46061919903141
58,0.48345827086458,0.461868125954349,3.45975,3.46034897257003
59,0.483175079127115,0.461538371862432,3.459453,3.46007803157789
60,0.482891887389651,0.461207870766937,3.459156,3.45980643407204
61,0.482608695652186,0.460881561795249,3.45893,3.45953708412499
62,0.482325503914722,0.460559188097407,3.458705,3.45926990150701
63,0.482042312177257,0.460234456224772,3.458388,3.4590011755483
64,0.481759120439793,0.459915018609161,3.458148,3.45873831646857
65,0.481475928702328,0.459592368865854,3.457828,3.45848204639196
66,0.481192736964863,0.459268634803597,3.457541,3.45822505758168
67,0.480909545227399,0.458945543046042,3.457283,3.45796836220652
68,0.480626353489934,0.458624618843781,3.457053,3.45771288396951
69,0.48034316175247,0.458301280816097,3.456741,3.45745588513224
70,0.480059970015005,0.457979123946331,3.456493,3.45719952906837
71,0.479776778277541,0.457656042418452,3.456206,3.45694253853634
72,0.479493586540076,0.457334637431641,3.455968,3.45668651725573
73,0.479210394802611,0.457012183233059,3.455678,3.45642978456454
74,0.478927203065147,0.456690155026396,3.455416,3.45617326072202
75,0.478644011327682,0.456367758169201,3.455138,3.45591644864481
76,0.478360819590218,0.456043160692109,3.454821,3.45565817433325
77,0.478077627852753,0.455721323532226,3.454606,3.45540161638332
78,0.477794436115289,0.45539745397871,3.454291,3.45514369074737
79,0.477511244377824,0.455076468360689,3.454081,3.45488759931448
80,0.47722805264036,0.454754486435355,3.453788,3.45463081336941
81,0.476944860902895,0.454431099143347,3.453484,3.45437305439564
82,0.47666166916543,0.454109770066697,3.453258,3.45411663037653
83,0.476378477427966,0.453787158638053,3.452956,3.45385931005034
84,0.476095285690501,0.453466978840605,3.452741,3.45360360674327
85,0.475812093953037,0.453146509228367,3.452463,3.45334768352464
86,0.475528902215572,0.452825815728491,3.452186,3.45309158648944
87,0.475245710478107,0.452505790465904,3.451931,3.45283593482169
88,0.474962518740643,0.452186478257283,3.451678,3.45258076766237
89,0.474679327003178,0.451868034542417,3.45143,3.45232620247521
90,0.474396135265714,0.45155015042725,3.451175,3.45207203032625
91,0.474112943528249,0.451230984225392,3.450871,3.45181694767843
92,0.473829751790785,0.450913275096121,3.45064,3.45156290903847
93,0.47354656005332,0.450595653827671,3.450373,3.45130893964952
94,0.473263368315856,0.450277732196931,3.450095,3.45105476080454
95,0.472980176578391,0.449960405082455,3.449818,3.45080162918043
96,0.472696984840926,0.449642592298577,3.449533,3.45055331342665
97,0.472413793103462,0.449324724715603,3.449268,3.45030500256625
98,0.472130601365997,0.449005617416269,3.448966,3.4500558286011
99,0.471847409628533,0.448686828283828,3.448711,3.44980692348706
100,0.471564217891068,0.44837012731353,3.448513,3.44955959031483
101,0.471281026153603,0.448052882998474,3.448233,3.44931188701845
102,0.470997834416139,0.447736919780514,3.448012,3.44906517129164
103,0.470714642678674,0.447419807249597,3.447712,3.44881762733198
104,0.47043145094121,0.447102285211167,3.447435,3.44856980856469
105,0.470148259203745,0.446784872347974,3.447175,3.44832210588081
106,0.469865067466281,0.446466788900275,3.446888,3.44807392511661
107,0.469581875728816,0.446149460859088,3.44665,3.44782635521238
108,0.469298683991352,0.445832574209553,3.446402,3.44757915625255
109,0.469015492253887,0.445515502189892,3.446132,3.44733184487337
110,0.468732300516422,0.445199073764401,3.445892,3.44708506559881
111,0.468449108778958,0.444882507233448,3.445624,3.44683820950964
112,0.468165917041493,0.444565625076649,3.445349,3.44659113748387
113,0.467882725304029,0.444251772763485,3.445201,3.44634649010257
114,0.467599533566564,0.443935870450552,3.444862,3.44610024463148
115,0.4673163418291,0.443619571521436,3.444584,3.44585371774208
116,0.467033150091635,0.4433048625528,3.444384,3.44560849991053
117,0.46674995835417,0.44298880982173,3.444069,3.44536223216537
118,0.466466766616706,0.442672876285248,3.443811,3.44511609671629
119,0.466183574879241,0.442357130813282,3.443556,3.44487014897462
120,0.465900383141777,0.442042213929332,3.443328,3.44462491158774
121,0.465617191404312,0.44172740364299,3.443071,3.44437979318665
122,0.465333999666848,0.441412673061729,3.442813,3.44413477252521
123,0.465050807929383,0.441098089174977,3.442558,3.44388990573315
124,0.464767616191918,0.440783989339867,3.442318,3.44364547381336
125,0.464484424454454,0.440470511968408,3.442085,3.44340159296301
126,0.464201232716989,0.440156583520969,3.441805,3.44315736371785
127,0.463918040979525,0.439843483093109,3.441528,3.44291751538181
128,0.46363484924206,0.439529914933164,3.441255,3.44268129781755
129,0.463351657504596,0.43921662114462,3.441017,3.44244538323105
130,0.463068465767131,0.438903058305098,3.440753,3.44220930979464
131,0.462785274029666,0.438590007314007,3.440527,3.44197373075574
132,0.462502082292202,0.4382764653266,3.440252,3.44173779406604
133,0.462218890554737,0.437963046921476,3.440007,3.4415020198818
134,0.461935698817273,0.437649649382383,3.439757,3.44126631779983
135,0.461652507079808,0.437335395561474,3.439462,3.44102993542455
136,0.461369315342343,0.437021377507369,3.439222,3.44079381110444
137,0.461086123604879,0.436708102587223,3.439009,3.44055837894606
138,0.460802931867414,0.436394750322694,3.438754,3.4403229246168
139,0.46051974012995,0.436081829342266,3.438526,3.44008789011669
140,0.460236548392485,0.435767618787496,3.438206,3.4398517716489
141,0.459953356655021,0.435454441381357,3.43801,3.43961660849599
142,0.459670164917556,0.435140879004674,3.437738,3.43938114741628
143,0.459386973180092,0.4348267651774,3.437456,3.43914524259073
144,0.459103781442627,0.434513171948604,3.437233,3.43890984532129
145,0.458820589705162,0.434200346791939,3.437025,3.43867517188125
146,0.458537397967698,0.433886827942811,3.436735,3.43843991284434
147,0.458254206230233,0.433574061662455,3.436527,3.43820536856971
148,0.457971014492769,0.433260991596999,3.436259,3.43797058415404
149,0.457687822755304,0.432947985783351,3.436012,3.43773589398121
150,0.45740463101784,0.432634738574059,3.435747,3.43750102025168
151,0.457121439280375,0.432321341763127,3.435487,3.43726604734527
152,0.45683824754291,0.432007701029295,3.435221,3.43703088895416
153,0.456555055805446,0.431694464906773,3.434994,3.43679613978068
154,0.456271864067981,0.431380839191918,3.434719,3.43656106538839
155,0.455988672330517,0.43106803028512,3.434518,3.43632678155094
156,0.455705480593052,0.430754796925527,3.434241,3.43609213193523
157,0.455422288855588,0.430442389062434,3.434042,3.4358582822185
158,0.455139097118123,0.430129633692971,3.43377,3.43562413188916
159,0.454855905380658,0.429817545803159,3.433547,3.43539152548443
160,0.454572713643194,0.42950498961353,3.433275,3.43515879181113
161,0.454289521905729,0.429192555695942,3.433039,3.43492560816786
162,0.454006330168265,0.428880384611058,3.432811,3.43469221621262
163,0.4537231384308,0.428567294921167,3.432504,3.43445757258645
164,0.453439946693336,0.428254734029156,3.432291,3.43422312318992
165,0.453156754955871,0.427942519781753,3.432066,3.43398873389449
166,0.452873563218406,0.42763042988817,3.431826,3.43375422248699
167,0.452590371480942,0.427318248343215,3.431571,3.43351940585076
168,0.452307179743477,0.427005867632816,3.431308,3.43328420065148
169,0.452023988006013,0.426694383103827,3.43112,3.43304968868411
170,0.451740796268548,0.426382884449642,3.43087,3.43281498758112
171,0.451457604531084,0.426071020309374,3.430595,3.432579764908
172,0.451174412793619,0.425759823062377,3.430392,3.43234504727699
173,0.450891221056154,0.425448435248986,3.430129,3.43210999101614
174,0.45060802931869,0.425136768075426,3.429859,3.4318745170918
175,0.450324837581225,0.424824929340102,3.429596,3.43163874054927
176,0.450041645843761,0.424514066350978,3.429416,3.43140381087468
177,0.449758454106296,0.424202927867677,3.429146,3.43116847241035
178,0.449475262368832,0.423892863784027,3.428975,3.43093408825839
179,0.449192070631367,0.423582651291082,3.428715,3.43069942236011
180,0.448908878893902,0.423272297013851,3.428455,3.43046448933521
181,0.448625687156438,0.422961568940686,3.428177,3.43022906038468
182,0.448342495418973,0.42265188595435,3.428006,3.42999458689456
183,0.448059303681509,0.422341642565036,3.427714,3.42975942322751
184,0.447776111944044,0.422031814967075,3.427496,3.42952458002475
185,0.447492920206579,0.421720965954705,3.427167,3.42928857940647
186,0.447209728469115,0.421411334826624,3.427011,3.42905374451425
187,0.44692653673165,0.421101749057585,3.426765,3.42881885149433
188,0.446643344994186,0.420792007790201,3.426503,3.42858369595483
189,0.446360153256721,0.420483104850576,3.42632,3.42834931869234
190,0.446076961519257,0.420174050984049,3.426059,3.42811468078494
191,0.445793769781792,0.419865385824025,3.425827,3.42788088550478
192,0.445510578044327,0.419556718454125,3.425584,3.4276475854396
193,0.445227386306863,0.419247884260428,3.425326,3.42741362418361
194,0.444944194569398,0.418939781153896,3.425141,3.42718003027982
195,0.444661002831934,0.418631263282347,3.424861,3.42694563715217
196,0.444377811094469,0.418322874063817,3.424625,3.42671107273291
197,0.444094619357005,0.418014605810602,3.424388,3.42647636047915
198,0.44381142761954,0.417706332078895,3.42414,3.4262413892108
199,0.443528235882076,0.417398292550231,3.423912,3.42600643721592
200,0.443245044144611,0.417090486098651,3.423684,3.42577151678718
201,0.442961852407146,0.416782633385959,3.423432,3.42553633639016
202,0.442678660669682,0.416475268324015,3.423226,3.42530148841736
203,0.442395468932217,0.416168439520523,3.423025,3.42506702992418
204,0.442112277194753,0.415861671237062,3.422783,3.4248324440953
205,0.441829085457288,0.415554705292055,3.422518,3.42459745673124
206,0.441545893719824,0.415248043076376,3.422297,3.42436263034199
207,0.441262701982359,0.414941992118348,3.422104,3.4241283073824
208,0.440979510244894,0.414635575702012,3.421824,3.4238934055888
209,0.44069631850743,0.414328452574733,3.421512,3.423657558265
210,0.440413126769965,0.414022536486615,3.421373,3.42342291240733
211,0.440129935032501,0.413716483563725,3.421113,3.42318795342566
212,0.439846743295036,0.413410591350299,3.42088,3.4229530235138
213,0.439563551557572,0.413105212884806,3.42068,3.42271852313719
214,0.439280359820107,0.412799878350912,3.420437,3.42248392098693
215,0.438997168082642,0.412494928616456,3.420226,3.42224960874448
216,0.438713976345178,0.412190472595704,3.420026,3.42201571068265
217,0.438430784607713,0.411885996671168,3.419778,3.42178164176555
218,0.438147592870249,0.411581586627304,3.419538,3.42154750741602
219,0.437864401132784,0.411276983397547,3.419273,3.4213130160574
220,0.437581209395319,0.410972523112107,3.41904,3.42107856200948
221,0.437298017657855,0.410668306512756,3.418817,3.42084426345022
222,0.43701482592039,0.410364604559078,3.418621,3.42061043427248
223,0.436731634182926,0.410061042204758,3.418389,3.42037663702198
224,0.436448442445461,0.409757910451558,3.418131,3.42014748239878
225,0.436165250707997,0.409454671030639,3.417881,3.41991924776418
226,0.435882058970532,0.409151782333367,3.417678,3.41969131788089
227,0.435598867233068,0.408849209280894,3.417472,3.41946364902383
228,0.435315675495603,0.408546783719143,3.417249,3.41923604296528
229,0.435032483758138,0.408244180115661,3.416992,3.41900811930122
230,0.434749292020674,0.407941441463675,3.416739,3.41877993638436
231,0.434466100283209,0.407639231318749,3.416556,3.41855228450125
232,0.434182908545745,0.407337258412163,3.416343,3.41832481188945
233,0.43389971680828,0.407035239203295,3.4161,3.41809718179938
234,0.433616525070816,0.40673368590752,3.415912,3.41787001055222
235,0.433333333333351,0.406432082349876,3.415669,3.41764267675043
236,0.433050141595887,0.406130816193963,3.415468,3.41741565130959
237,0.432766949858422,0.405829370088917,3.415211,3.41718831044674
238,0.432483758120957,0.40552812130797,3.414995,3.41696111717794
239,0.432200566383493,0.4052267775309,3.414747,3.41673371803412
240,0.431917374646028,0.404925908132173,3.414562,3.41650680880801
241,0.431634182908564,0.404625047977517,3.414326,3.41627981839662
242,0.431350991171099,0.404324277929627,3.414099,3.4160528497669
243,0.431067799433634,0.404023650164689,3.413878,3.41582596891983
244,0.43078460769617,0.403722951213955,3.413633,3.41559891532363
245,0.430501415958705,0.403422183419216,3.413388,3.41537169700768
246,0.430218224221241,0.403121863547989,3.413202,3.41514495494852
247,0.429935032483776,0.402821445228832,3.412954,3.41491800793888
248,0.429651840746312,0.402521302550447,3.412749,3.41469132529124
249,0.429368649008847,0.40222173994177,3.41258,3.41446528272657
250,0.429085457271382,0.401922079640474,3.412333,3.41423902865971
251,0.428802265533918,0.401622103302092,3.41206,3.41401229811473
252,0.428519073796453,0.401322368250899,3.411852,3.41378579933663
253,0.428235882058989,0.401022769244498,3.411632,3.41355939757873
254,0.427952690321524,0.400723153384935,3.411394,3.41333290073307
255,0.42766949858406,0.400424063844509,3.411221,3.41310699774703
256,0.427386306846595,0.400124801863516,3.410965,3.412880796546
257,0.42710311510913,0.399826467946556,3.410814,3.41265728995993
258,0.426819923371666,0.399528117813783,3.410581,3.41243494495977
259,0.426536731634201,0.399229099754348,3.410267,3.41221168723151
260,0.426253539896737,0.39893047732575,3.410084,3.41198889292789
261,0.425970348159272,0.398631924056267,3.409861,3.41176613375226
262,0.425687156421808,0.39833385215717,3.40969,3.4115439390018
263,0.425403964684343,0.39803547000125,3.40942,3.41132127986371
264,0.425120772946878,0.397737209102362,3.409204,3.41109872418337
265,0.424837581209414,0.397439247865694,3.409011,3.41087650177588
266,0.424554389471949,0.397141214425035,3.408771,3.41065412530446
267,0.424271197734485,0.39684332033674,3.408558,3.41043187488276
268,0.42398800599702,0.396545408811386,3.408325,3.4102095451716
269,0.423704814259556,0.396247980992343,3.408157,3.40998779449076
270,0.423421622522091,0.395950415221852,3.407909,3.40976579896266
271,0.423138430784626,0.395652584869987,3.407644,3.40954339968818
272,0.422855239047162,0.395355095397496,3.407458,3.40932140318464
273,0.422572047309697,0.395057608126192,3.407228,3.40909935521246
274,0.422288855572233,0.394760341818029,3.407027,3.40887754798751
275,0.422005663834768,0.394463127890211,3.406804,3.40865575479182
276,0.421722472097304,0.394166025533788,3.406589,3.40843405613981
277,0.421439280359839,0.393869047993911,3.406376,3.40821246976479
278,0.421156088622374,0.393572319217828,3.40618,3.40799116116148
279,0.42087289688491,0.393275488775268,3.405937,3.40776965771085
280,0.420589705147445,0.392978874443807,3.405737,3.40754839249575
281,0.420306513409981,0.392682282756209,3.405511,3.4073271022038
282,0.420023321672516,0.392385793739787,3.405296,3.40710589751282
283,0.419740129935052,0.392089094443917,3.405038,3.40688435526996
284,0.419456938197587,0.391793119588735,3.404909,3.40666375115632
285,0.419173746460123,0.39149690115782,3.404647,3.40644275216247
286,0.418890554722658,0.391200601317938,3.404407,3.40622159045371
287,0.418607362985193,0.390904656427661,3.404228,3.40600086675193
288,0.418324171247729,0.390608996680465,3.40404,3.4057804780632
289,0.418040979510264,0.390313250051761,3.4038,3.40555990988357
290,0.4177577877728,0.390017728053827,3.403604,3.40533959727603
291,0.417474596035335,0.389722431629848,3.403399,3.40512055561265
292,0.41719140429787,0.389427085616493,3.403166,3.40490144333985
293,0.416908212560406,0.389131981704154,3.402975,3.40468260271174
294,0.416625020822941,0.388837047485149,3.402774,3.40446393125257
295,0.416341829085477,0.388542184624982,3.402559,3.40424529246302
296,0.416058637348012,0.388247283167487,3.402328,3.40402653588357
297,0.415775445610548,0.387952099392175,3.402061,3.40380732603562
298,0.415492253873083,0.387657539645576,3.401927,3.40358894465125
299,0.415209062135619,0.387362959284459,3.401699,3.40337046965731
300,0.414925870398154,0.387068426332597,3.401481,3.40315200199927
301,0.414642678660689,0.386773860035843,3.401251,3.40293342991061
302,0.414359486923225,0.386479654946436,3.40108,3.40271531569289
303,0.41407629518576,0.386185380031473,3.400845,3.40249704031055
304,0.413793103448296,0.385891228856478,3.400639,3.40227888496279
305,0.413509911710831,0.385597041438604,3.400409,3.40206062115073
306,0.413226719973366,0.385302943583973,3.400198,3.40184243267138
307,0.412943528235902,0.385009065046004,3.400007,3.40162450495994
308,0.412660336498437,0.38471535687765,3.399809,3.4014067639628
309,0.412377144760973,0.384421686698364,3.399591,3.40118901783701
310,0.412093953023508,0.384128118969503,3.399383,3.40097136209857
311,0.411810761286044,0.383834813544359,3.3992,3.40075402776187
312,0.411527569548579,0.383541381047394,3.398957,3.40053644697292
313,0.411244377811114,0.38324830392743,3.398789,3.40031932734698
314,0.41096118607365,0.382955117615692,3.398549,3.40010198575399
315,0.410677994336185,0.38266216732128,3.398363,3.39988493262132
316,0.410394802598721,0.382369171040136,3.398133,3.39966775201526
317,0.410111610861256,0.382076344294183,3.397937,3.39945076440568
318,0.409828419123792,0.381783452182305,3.397704,3.39923362303324
319,0.409545227386327,0.381490965644145,3.397546,3.39901702519095
320,0.409262035648862,0.381198360699724,3.397305,3.3988001891516
321,0.408978843911398,0.380905645844908,3.397065,3.39858313563616
322,0.408695652173933,0.380613002772851,3.396854,3.39836613966774
323,0.408412460436469,0.38032054169901,3.396661,3.39814936405887
324,0.408129268699004,0.380028309193902,3.396476,3.39793287419196
325,0.40784607696154,0.379736427889192,3.396287,3.39771985446849
326,0.407562885224075,0.379444459985089,3.396055,3.39750699018551
327,0.407279693486611,0.379152633960964,3.395861,3.39729429181155
328,0.406996501749146,0.378860745593029,3.395633,3.39708144960631
329,0.406713310011681,0.378569110446909,3.395458,3.3968689434007
330,0.406430118274217,0.378277837238777,3.395302,3.39665693047613
331,0.406146926536752,0.377986408165841,3.395059,3.39644461880487
332,0.405863734799288,0.377695060849298,3.394856,3.39623237862628
333,0.405580543061823,0.377403542646797,3.39461,3.39601982646312
334,0.405297351324359,0.37711207815192,3.394402,3.3958073127881
335,0.405014159586894,0.376820911063199,3.394236,3.39559520859964
336,0.404730967849429,0.376529724126893,3.394016,3.39538302054989
337,0.404447776111965,0.376238512161849,3.393795,3.39517074473125
338,0.4041645843745,0.375947552283442,3.393622,3.39495880966789
339,0.403881392637036,0.375656697447713,3.393424,3.39474698255072
340,0.403598200899571,0.375365562948042,3.393159,3.39453467058463
341,0.403315009162106,0.375074592508466,3.392971,3.39432257182626
342,0.403031817424642,0.374783863526483,3.392797,3.39411080110042
343,0.402748625687177,0.374493225284023,3.392597,3.39389911832916
344,0.402465433949713,0.374202925347678,3.392441,3.39368790799612
345,0.402182242212248,0.37391253652818,3.39221,3.39347649676204
346,0.401899050474784,0.373622122233338,3.39199,3.39326499165567
347,0.401615858737319,0.37333199659478,3.391826,3.39305388760018
348,0.401332666999854,0.373041675735287,3.391576,3.39284241942792
349,0.40104947526239,0.372751468784071,3.391381,3.39263108310488
350,0.400766283524925,0.372461590600746,3.391225,3.39242021404113
351,0.400483091787461,0.372171489317973,3.39097,3.39220893383349
352,0.400199900049996,0.371881521232803,3.390779,3.3919978170863
353,0.399916708312532,0.371591453881508,3.390546,3.39178649338524
354,0.399633516575067,0.37130160119654,3.39037,3.39157546618385
355,0.399350324837603,0.371011976674099,3.390197,3.39136475038971
356,0.399067133100138,0.370722343161887,3.389981,3.39115396325803
357,0.398783941362673,0.370432635943907,3.389753,3.39094300597036
358,0.398500749625209,0.370143045751099,3.38956,3.39073218883968
359,0.398217557887744,0.369853805571214,3.389399,3.39052279833187
360,0.39793436615028,0.369564611087293,3.389196,3.39031437255517
361,0.397651174412815,0.369275382647413,3.388978,3.39010581352258
362,0.397367982675351,0.368986317038098,3.388797,3.3898974473728
363,0.397084790937886,0.368697164406018,3.388569,3.3896888696812
364,0.396801599200421,0.36840799479019,3.388354,3.38948020279864
365,0.396518407462957,0.368119013465789,3.388178,3.38927178404941
366,0.396235215725492,0.367830113491595,3.387982,3.38906343523235
367,0.395952023988028,0.36754128364749,3.387784,3.38885513871346
368,0.395668832250563,0.367252679430479,3.387616,3.38864714900663
369,0.395385640513099,0.366964215014085,3.387432,3.38843932047775
370,0.395102448775634,0.366675495472496,3.387172,3.38823100573582
371,0.394819257038169,0.3663870511066,3.387014,3.38802308932232
372,0.394536065300705,0.366098404891298,3.386764,3.38781477839793
373,0.39425287356324,0.365809873010252,3.386575,3.38760660524764
374,0.393969681825776,0.365521433684104,3.386382,3.38739853087799
375,0.393686490088311,0.365232932781125,3.386159,3.38719029919079
376,0.393403298350847,0.364944600498144,3.385981,3.3869822963307
377,0.393120106613382,0.364656495710587,3.385815,3.38677461479896
378,0.392836914875917,0.364368352327345,3.385597,3.38656680612966
379,0.392553723138453,0.364080373139656,3.385419,3.3863592135045
380,0.392270531400988,0.363792465560091,3.385223,3.38615167882274
381,0.391987339663524,0.363504417999074,3.384985,3.38594384950392
382,0.391704147926059,0.363216558172437,3.384812,3.38573628334393
383,0.391420956188595,0.362928708979186,3.384604,3.38552867752769
384,0.39113776445113,0.362641064818298,3.384435,3.3853213611844
385,0.390854572713665,0.362353429443023,3.384227,3.38511399821009
386,0.390571380976201,0.362065842659583,3.384027,3.38490665916141
387,0.390288189238736,0.36177820031982,3.383806,3.38469916932313
388,0.390004997501272,0.361490626641485,3.38361,3.3844917441759
389,0.389721805763807,0.36120316027066,3.383422,3.38428444835065
390,0.389438614026343,0.360915726488981,3.383219,3.38407715276346
391,0.389155422288878,0.360628457124743,3.383043,3.38387008304572
392,0.388872230551413,0.3603411210533,3.38282,3.3836628410076
393,0.388589038813949,0.360053889651136,3.382632,3.38345572552277
394,0.388305847076484,0.359766949745357,3.382476,3.38325050329961
395,0.38802265533902,0.359479932713501,3.382253,3.3830454320981
396,0.387739463601555,0.359192854162186,3.382033,3.38284020118661
397,0.387456271864091,0.358906124812559,3.381899,3.3826355240821
398,0.387173080126626,0.358619046609906,3.381619,3.38243018143523
399,0.386889888389161,0.358332013022109,3.381421,3.38222487391748
400,0.386606696651697,0.358045141878656,3.381248,3.38201980439345
401,0.386323504914232,0.35775859165098,3.381109,3.38181524177703
402,0.386040313176768,0.357471883247333,3.380869,3.38161034090621
403,0.385757121439303,0.357185319345896,3.380693,3.38140564084523
404,0.385473929701839,0.356898584648095,3.38045,3.38120058729442
405,0.385190737964374,0.356612064545838,3.380289,3.38099586486962
406,0.384907546226909,0.356325686611629,3.380113,3.38079133820685
407,0.384624354489445,0.356039254073812,3.379895,3.38058665864635
408,0.38434116275198,0.355752828147685,3.37969,3.38038193985498
409,0.384057971014516,0.355466598588309,3.379526,3.38017751793231
410,0.383774779277051,0.355180406251764,3.379328,3.37997310542205
411,0.383491587539587,0.354894430398979,3.379169,3.37976902061859
412,0.383208395802122,0.354608273674022,3.378924,3.37956455380875
413,0.382925204064657,0.35432210810063,3.378716,3.3793600226029
414,0.382642012327193,0.354036194443901,3.378565,3.37915589218024
415,0.382358820589728,0.353750438558241,3.378394,3.37895198503822
416,0.382075628852264,0.353464493105724,3.378147,3.37874767890653
417,0.381792437114799,0.353178637454827,3.377961,3.37854348528408
418,0.381509245377335,0.35289275754321,3.37775,3.37833919794631
419,0.38122605363987,0.352607057057834,3.377584,3.37813518491058
420,0.380942861902405,0.35232123667827,3.377352,3.37793090288945
421,0.380659670164941,0.352035693557597,3.377208,3.37772707381167
422,0.380376478427476,0.351750056825914,3.376982,3.37752301893702
423,0.380093286690012,0.35146454256186,3.376804,3.37731913578888
424,0.379810094952547,0.35117908251667,3.376611,3.37711529755923
425,0.379526903215083,0.35089369849192,3.376423,3.376911544006
426,0.379243711477618,0.350608398642561,3.376237,3.37670788913733
427,0.378960519740153,0.350323040367825,3.376019,3.37650407336024
428,0.378677328002689,0.350037735126962,3.375826,3.37630030522669
429,0.378394136265224,0.349752508562462,3.375638,3.37609705799118
430,0.37811094452776,0.349467318165571,3.375442,3.37589387265011
431,0.377827752790295,0.349182273296913,3.375271,3.37569088404411
432,0.377544561052831,0.3488971890283,3.375058,3.37548775221169
433,0.377261369315366,0.348612131532541,3.37486,3.37528460609305
434,0.376978177577901,0.348327344328399,3.374718,3.37508189551242
435,0.376694985840437,0.348042477213203,3.374496,3.3748789667512
436,0.376411794102972,0.347757600734831,3.37429,3.37467595907262
437,0.376128602365508,0.34747267205809,3.374074,3.37447279747091
438,0.375845410628043,0.347187993843091,3.373928,3.37427004647001
439,0.375562218890579,0.346903318079624,3.373725,3.37406723649294
440,0.375279027153114,0.346618730842754,3.373542,3.37386453087839
441,0.37499583541565,0.346334274136133,3.373369,3.37366200634356
442,0.374712643678185,0.346049878256654,3.37318,3.37345953018089
443,0.37442945194072,0.345765525674181,3.372987,3.3732570707193
444,0.374146260203256,0.345481109752046,3.372769,3.37305443074055
445,0.373863068465791,0.34519666546782,3.372559,3.37285168233742
446,0.373579876728326,0.344912515353081,3.372425,3.37264943262832
447,0.373296684990862,0.344628322139781,3.372212,3.37244703633461
448,0.373013493253397,0.344344137221099,3.372011,3.37224459640828
449,0.372730301515933,0.344059985987832,3.371816,3.37204216319817
450,0.372447109778468,0.343776111855747,3.371679,3.37184019578699
451,0.372163918041004,0.343492113608674,3.371447,3.37163792591979
452,0.371880726303539,0.343208268995205,3.371281,3.37143588926228
453,0.371597534566074,0.342924522162876,3.371102,3.37123397481505
454,0.37131434282861,0.342640793077989,3.370904,3.37103202955816
455,0.371031151091145,0.342357069315549,3.370703,3.37083003292221
456,0.370747959353681,0.342073500317641,3.370538,3.37062827192108
457,0.370464767616216,0.341789956217476,3.370342,3.37042649411008
458,0.370181575878752,0.341506387425035,3.370134,3.3702246075135
459,0.369898384141287,0.341222843912221,3.369938,3.37002271218779
460,0.369615192403823,0.34093940782887,3.369762,3.36982096637222
461,0.369332000666358,0.340656028894337,3.369574,3.3696192704926
462,0.369048808928893,0.340372563375795,3.369351,3.36941734898863
463,0.368765617191429,0.340089245392386,3.369185,3.36921565920777
464,0.368482425453964,0.339805920429459,3.368982,3.36901462766413
465,0.3681992337165,0.33952268776796,3.368804,3.36881404165088
466,0.367916041979035,0.339239494177534,3.368613,3.36861345554325
467,0.367632850241571,0.338956279072921,3.368407,3.36841275587998
468,0.367349658504106,0.338673107291894,3.368217,3.36821207466441
469,0.367066466766641,0.338390102970048,3.368058,3.36801165444752
470,0.366783275029177,0.338107156311762,3.367872,3.36781127607822
471,0.366500083291712,0.337824230948521,3.367677,3.36761087014539
472,0.366216891554248,0.337541294983009,3.367474,3.36741037752637
473,0.365933699816783,0.337258324897292,3.367265,3.36720975653433
474,0.365650508079319,0.336975396806755,3.367075,3.36700916086121
475,0.365367316341854,0.336692498551682,3.366882,3.3668085664613
476,0.365084124604389,0.336409792277495,3.36673,3.36660829206324
477,0.364800932866925,0.336127145656587,3.366545,3.36640806924946
478,0.36451774112946,0.335844826333613,3.366428,3.36620842521214
479,0.364234549391996,0.335562268158416,3.366168,3.3660082298319
480,0.363951357654531,0.335279709764247,3.365968,3.36580797379928
481,0.363668165917067,0.334997265043444,3.365797,3.36560788480563
482,0.363384974179602,0.334714807740909,3.365594,3.36540770880863
483,0.363101782442137,0.33443249049806,3.36543,3.36520775213089
484,0.362818590704673,0.334150113207575,3.365215,3.36500761214096
485,0.362535398967208,0.33386787513887,3.365051,3.36480769184589
486,0.362252207229744,0.333585674001378,3.364861,3.36460778201948
487,0.361969015492279,0.333303273271715,3.36461,3.36440741251003
488,0.361685823754815,0.333021131731139,3.364477,3.36420751369494
489,0.36140263201735,0.332738964884815,3.364271,3.36400750262452
490,0.361119440279885,0.332456888808289,3.364095,3.36380761650775
491,0.360836248542421,0.332175102620419,3.363971,3.36360825182497
492,0.360553056804956,0.331893054506819,3.363704,3.36340828717184
493,0.360269865067492,0.331611257100489,3.36357,3.36320877384539
494,0.359986673330027,0.331329379001554,3.36335,3.36300903182443
495,0.359703481592563,0.331047646484265,3.363189,3.36280952612
496,0.359420289855098,0.33076592482459,3.362993,3.36260997876818
497,0.359137098117633,0.330484149504696,3.36278,3.36241026235108
498,0.358853906380169,0.330202435171829,3.362597,3.36221061521962
499,0.358570714642704,0.329920655982319,3.362381,3.36201079254213
500,0.35828752290524,0.329639078071487,3.362235,3.36181134665561
501,0.358004331167775,0.329357333481518,3.361992,3.36161146367039
502,0.357721139430311,0.329075819864619,3.361854,3.36141197297423
503,0.357437947692846,0.328794102455326,3.361601,3.3612119805827
504,0.357154755955382,0.328512622988622,3.361465,3.36101240739184
505,0.356871564217917,0.328231161720029,3.361271,3.36081279354466
506,0.356588372480452,0.327950055403423,3.361167,3.36061383258961
507,0.356305180742988,0.327668822389277,3.360935,3.36041452072677
508,0.356021989005523,0.327387449450449,3.360699,3.36021484582402
509,0.355738797268059,0.327106236078525,3.360543,3.36001543619611
510,0.355455605530594,0.326824961578211,3.360328,3.35981583024951
511,0.355172413793129,0.326543853058501,3.360174,3.35961650326873
512,0.354889222055665,0.326262635006719,3.359946,3.35941687911054
513,0.3546060303182,0.325981523178252,3.359776,3.3592174140308
514,0.354322838580736,0.325700476052464,3.359595,3.3590180176865
515,0.354039646843271,0.325419401098233,3.359389,3.35881849739429
516,0.353756455105807,0.325138501005789,3.359238,3.35861927853469
517,0.353473263368342,0.324857583290902,3.359035,3.35841995298616
518,0.353190071630877,0.324576593444906,3.358817,3.35822041241191
519,0.352906879893413,0.324295722602229,3.358651,3.35802106239627
520,0.352623688155948,0.324014962371682,3.358483,3.35782187993432
521,0.352340496418484,0.323734180605473,3.358279,3.35762258517885
522,0.352057304681019,0.323453319573439,3.358059,3.35742306240529
523,0.351774112943555,0.323172569149363,3.357891,3.35722371690149
524,0.35149092120609,0.322892051557284,3.357757,3.35702479962857
525,0.351207729468625,0.322611370106745,3.357514,3.35682546588027
526,0.350924537731161,0.322330671287286,3.357311,3.35662603861847
527,0.350641345993696,0.32205006365218,3.357138,3.35642674948774
528,0.350358154256232,0.321769560802073,3.356969,3.35622762309128
529,0.350074962518767,0.3214890827572,3.356778,3.35602848656493
530,0.349791770781303,0.321208586418889,3.356575,3.35582925056415
531,0.349508579043838,0.320928090094806,3.356377,3.35562995798183
532,0.349225387306374,0.320647761985791,3.356226,3.35543096757991
533,0.348942195568909,0.320367397066852,3.356018,3.35523183569544
534,0.348659003831444,0.320087003071073,3.355812,3.35503258471656
535,0.34837581209398,0.319806640053296,3.355614,3.35483218816826
536,0.348092620356515,0.319526408452493,3.355451,3.35463150094124
537,0.347809428619051,0.31924628557326,3.355282,3.35443096668856
538,0.347526236881586,0.318966059674942,3.355054,3.35423013461053
539,0.347243045144122,0.318686035236707,3.354911,3.35402966589288
540,0.346959853406657,0.318406032268483,3.354718,3.35382916773884
541,0.346676661669192,0.318126082756767,3.354534,3.35362871243101
542,0.346393469931728,0.317846154416337,3.354341,3.35342823203687
543,0.346110278194263,0.317566222449594,3.354141,3.35322767633736
544,0.345827086456799,0.317286432090336,3.353982,3.35302736058413
545,0.345543894719334,0.31700661611942,3.353776,3.35282691977851
546,0.34526070298187,0.316726785613309,3.353573,3.35262638347107
547,0.344977511244405,0.316447222371223,3.35345,3.35242636216604
548,0.34469431950694,0.316167649803449,3.353249,3.35222624508719
549,0.344411127769476,0.315888008657352,3.353031,3.3520259101096
550,0.344127936032011,0.315608299898757,3.352813,3.35182536770608
551,0.343844744294547,0.315328646747425,3.35263,3.35162489127604
552,0.343561552557082,0.315049038331092,3.352444,3.35142445501937
553,0.343278360819617,0.314769449989409,3.352251,3.35122400448684
554,0.342995169082153,0.314489930371606,3.352072,3.35102364629098
555,0.342711977344688,0.314210430351017,3.351879,3.35082327131551
556,0.342428785607224,0.313931171653398,3.35175,3.35062336384086
557,0.342145593869759,0.313651733389306,3.3515,3.35042299293447
558,0.341862402132295,0.313372324883081,3.35131,3.35022263227328
559,0.34157921039483,0.313093059763443,3.351153,3.35002253015604
560,0.341296018657366,0.312813737085846,3.350938,3.34982223934137
561,0.341012826919901,0.31253459473737,3.350792,3.34962228842855
562,0.340729635182436,0.312255401176992,3.350579,3.34942215959036
563,0.340446443444972,0.311976324957505,3.350415,3.34922223055666
564,0.340163251707507,0.311697197511648,3.350202,3.34902212533425
565,0.339880059970043,0.31141801958832,3.349989,3.34882185255345
566,0.339596868232578,0.311138877095902,3.349801,3.34862160736701
567,0.339313676495114,0.310859861684024,3.34964,3.34842159122901
568,0.339030484757649,0.310580846522068,3.349442,3.34822151695502
569,0.338747293020184,0.310301913179514,3.349268,3.34802156819861
570,0.33846410128272,0.310023023741907,3.349083,3.34782165797991
571,0.338180909545255,0.309744177000672,3.34889,3.34762091589806
572,0.337897717807791,0.309465363913011,3.348701,3.34742009756886
573,0.337614526070326,0.309186547019685,3.348501,3.34721919691457
574,0.337331334332862,0.308907797548328,3.348322,3.34701837813923
575,0.337048142595397,0.308629050807093,3.348124,3.346817497172
576,0.336764950857932,0.308350455285128,3.34797,3.3466168890115
577,0.336481759120468,0.308071848020822,3.347768,3.34641618349085
578,0.336198567383003,0.30779317221504,3.347549,3.34621525924349
579,0.335915375645539,0.307514516013997,3.347356,3.34601432163177
580,0.335632183908074,0.307236053578565,3.347215,3.3458137614387
581,0.33534899217061,0.30695750882141,3.346992,3.34561294869002
582,0.335065800433145,0.306679016375759,3.346809,3.34541219537469
583,0.33478260869568,0.306400532542135,3.346613,3.34521140210019
584,0.334499416958216,0.306122090704925,3.346427,3.34501064608193
585,0.334216225220751,0.305843710550381,3.346247,3.34480997117789
586,0.333933033483287,0.305565378351185,3.346063,3.3446093447534
587,0.333649841745822,0.305287063985635,3.34587,3.34440869840714
588,0.333366650008358,0.305008883223252,3.345712,3.34420829574164
589,0.333083458270893,0.304730692867636,3.345511,3.3440078060854
590,0.332800266533428,0.304452486629976,3.345308,3.34380721977438
591,0.332517074795964,0.304174413005696,3.34515,3.34360687801176
592,0.332233883058499,0.303896362341029,3.344959,3.34340652479223
593,0.331950691321035,0.303618311628283,3.344761,3.34320610982682
594,0.33166749958357,0.303340300382521,3.344575,3.3430057263873
595,0.331384307846106,0.303062491957174,3.344439,3.34280574700251
596,0.331101116108641,0.302784567608214,3.344206,3.34260543242335
597,0.330817924371176,0.302506721167896,3.344032,3.34240523873643
598,0.330534732633712,0.30222888363575,3.343837,3.3422050049374
599,0.330251540896247,0.301951165656542,3.343676,3.34200498701545
600,0.329968349158783,0.301673364917109,3.343453,3.34180471496382
601,0.329685157421318,0.301395537570635,3.343247,3.34160432730088
602,0.329401965683853,0.30111790090199,3.343108,3.34140432766814
603,0.329118773946389,0.300840320634201,3.342928,3.34120439480141
604,0.328835582208925,0.300562641515189,3.3427,3.34100417046437
605,0.32855239047146,0.300285000061342,3.342514,3.34080398050682
606,0.328269198733995,0.300007357526693,3.342304,3.34060366816341
607,0.327986006996531,0.299729697433478,3.342081,3.3404003671093
608,0.327702815259066,0.299452157460829,3.341917,3.34019720487622
609,0.327419623521602,0.299174632249225,3.341721,3.33999401041946
610,0.327136431784137,0.29889711527823,3.341523,3.33979077243335
611,0.326853240046672,0.298619687767543,3.34135,3.33958768164142
612,0.326570048309208,0.298342348941183,3.341177,3.33938473326588
613,0.326286856571743,0.298065110994952,3.341008,3.33918195310487
614,0.326003664834279,0.297787814751368,3.34079,3.33897896972271
615,0.325720473096814,0.297510573923197,3.340607,3.33877605545132
616,0.32543728135935,0.297233410664273,3.340431,3.33857326074252
617,0.325154089621885,0.296956211808486,3.34022,3.33837032028447
618,0.32487089788442,0.296679067821351,3.340037,3.33816745064899
619,0.324587706146956,0.296401978317859,3.339854,3.33796464950118
620,0.324304514409491,0.296125077351362,3.339713,3.33776222841653
621,0.324021322672027,0.29584796370377,3.339447,3.33755924010838
622,0.323738130934562,0.295571070539344,3.339316,3.3373567173648
623,0.323454939197098,0.295294112216339,3.339096,3.33715397697671
624,0.323171747459633,0.295017229570677,3.33892,3.33695135763509
625,0.322888555722168,0.294740256855272,3.338692,3.33674846735108
626,0.322605363984704,0.294463290319976,3.338494,3.33654554167386
627,0.322322172247239,0.294186431388069,3.338328,3.33634282000432
628,0.322038980509775,0.293909641182725,3.33815,3.33614020435246
629,0.32175578877231,0.293632916023887,3.337971,3.33593768371732
630,0.321472597034845,0.293356119903162,3.337749,3.33573493544438
631,0.321189405297381,0.293079414236838,3.337578,3.335532349524
632,0.320906213559916,0.292802678861352,3.337369,3.33532963689722
633,0.320623021822452,0.292526089965353,3.337216,3.33512721988003
634,0.320339830084987,0.292249505244479,3.337018,3.33492475223473
635,0.320056638347523,0.291972790333527,3.336777,3.33472191820252
636,0.319773446610058,0.291696168507335,3.336607,3.33451926101949
637,0.319490254872594,0.291419698228215,3.336456,3.33431691373073
638,0.319207063135129,0.291143284696058,3.336275,3.33411464135781
639,0.318923871397664,0.29086670362979,3.336022,3.33391190842403
640,0.3186406796602,0.290590133901296,3.335826,3.33370915820602
641,0.318357487922735,0.290313677858413,3.335663,3.33350663537401
642,0.318074296185271,0.290037433569042,3.335532,3.33330456729601
643,0.317791104447806,0.289761316662419,3.335306,3.33309816148117
644,0.317507912710341,0.289485360792253,3.335153,3.33289139559819
645,0.317224720972877,0.289209136351469,3.334865,3.33268390585944
646,0.316941529235412,0.28893322870346,3.334761,3.33247710924224
647,0.316658337497948,0.288657166914119,3.334509,3.33226986725944
648,0.316375145760483,0.288381154713245,3.334321,3.33206268232741
649,0.316091954023019,0.288105283095847,3.334162,3.33185577077847
650,0.315808762285554,0.287829349471421,3.333939,3.33164864262192
651,0.31552557054809,0.287553439472341,3.333743,3.33144151130579
652,0.315242378810625,0.287277546765738,3.333545,3.33123436275097
653,0.31495918707316,0.287001840390122,3.333401,3.3310276029183
654,0.314675995335696,0.28672621233417,3.333223,3.3308209618809
655,0.314392803598231,0.286450505985434,3.332995,3.33061406271573
656,0.314109611860767,0.286174769111833,3.332782,3.33040703051388
657,0.313826420123302,0.285899048886033,3.332584,3.33019998359492
658,0.313543228385838,0.285623351532765,3.332388,3.32999293753793
659,0.313260036648373,0.285347856849689,3.33225,3.32978632598095
660,0.312976844910908,0.285072191402394,3.331992,3.32957923456142
661,0.312693653173444,0.284796511732595,3.331784,3.32937205855766
662,0.312410461435979,0.284520963225594,3.331623,3.32916515199659
663,0.312127269698515,0.284245492309445,3.331445,3.32895837638347
664,0.31184407796105,0.28396997529468,3.331227,3.32875142872938
665,0.311560886223586,0.283694624843469,3.331078,3.32854483217643
666,0.311277694486121,0.283419258435427,3.33087,3.32833813270299
667,0.310994502748656,0.283143907070225,3.330672,3.32813141099191
668,0.310711311011192,0.282868690064749,3.330513,3.32792495969345
669,0.310428119273727,0.282593429114134,3.330296,3.32771833643477
670,0.310144927536263,0.282318188906803,3.3301,3.32751170656497
671,0.309861735798798,0.28204292374901,3.329889,3.3273049594208
672,0.309578544061334,0.281767612797969,3.329671,3.32709804832197
673,0.309295352323869,0.281492317403973,3.329473,3.32689112882868
674,0.309012160586404,0.281217119408255,3.329302,3.32668440152105
675,0.30872896884894,0.280942072462092,3.329149,3.32647799201444
676,0.308445777111475,0.280667105699797,3.328973,3.32627171702906
677,0.308162585374011,0.280392121938984,3.328765,3.32606533530347
678,0.307879393636546,0.280117001019228,3.328517,3.32585855625803
679,0.307596201899082,0.279842717004177,3.328376,3.3256451332488
680,0.307313010161617,0.279568415173275,3.328151,3.3254257794809
681,0.307029818424152,0.279294251536365,3.327975,3.32520633492065
682,0.306746626686688,0.279020181045143,3.327786,3.32498675896184
683,0.306463434949223,0.278746140296385,3.327578,3.32476695160045
684,0.306180243211759,0.278472192832875,3.32739,3.3245471072464
685,0.305897051474294,0.278198256785618,3.327177,3.32432705629639
686,0.30561385973683,0.277924444540928,3.326999,3.32410709393362
687,0.305330667999365,0.277650706644546,3.326806,3.32388711251115
688,0.3050474762619,0.277376991131751,3.326597,3.32366699860348
689,0.304764284524436,0.277103397348071,3.326419,3.32344700395965
690,0.304481092786971,0.276829773924519,3.326194,3.32322676612806
691,0.304197901049507,0.276556198194494,3.325993,3.32300648445869
692,0.303914709312042,0.27628283909112,3.325845,3.32278657201644
693,0.303631517574578,0.276009516339836,3.325641,3.32256658433248
694,0.303348325837113,0.275736296767162,3.325458,3.32234668960005
695,0.303065134099648,0.275463005052624,3.32522,3.32212646279654
696,0.302781942362184,0.275189896043168,3.325062,3.3219065357235
697,0.302498750624719,0.274916752947425,3.324836,3.32168637354075
698,0.302215558887255,0.274643823116043,3.324688,3.32146658791763
699,0.30193236714979,0.274370984787887,3.324502,3.32124687221602
700,0.301649175412325,0.27409805781812,3.324259,3.32102678776712
701,0.301365983674861,0.273825317328298,3.324103,3.32080702042993
702,0.301082791937396,0.273552786905774,3.323955,3.32058761937206
703,0.300799600199932,0.273280104034302,3.323692,3.32036768855034
704,0.300516408462467,0.273007374127996,3.323462,3.32014750581832
705,0.300233216725003,0.272734960862172,3.323348,3.31992797190667
706,0.299950024987538,0.272462520942725,3.323125,3.31970822394984
707,0.299666833250074,0.272189961547576,3.322872,3.31948804309052
708,0.299383641512609,0.271917611218501,3.322724,3.31926825287876
709,0.299100449775144,0.2716452194711,3.322496,3.31904822383972
710,0.29881725803768,0.271372979574445,3.32233,3.31882844189359
711,0.298534066300215,0.271100828345935,3.322144,3.31860874419655
712,0.298250874562751,0.270828706467627,3.321939,3.31838898341673
713,0.297967682825286,0.270556740713837,3.321775,3.31816947749175
714,0.297684491087822,0.270284778682238,3.321562,3.31794984261824
715,0.297401299350357,0.270013394853334,3.321344,3.31773044532777
716,0.297118107612892,0.269742906724749,3.321133,3.31748967490075
717,0.296834915875428,0.269472757166391,3.32098,3.31724746711801
718,0.296551724137963,0.269202702016683,3.32076,3.31700452510404
719,0.296268532400499,0.268932799745973,3.320559,3.31676114807679
720,0.295985340663034,0.268663027184291,3.320353,3.31651739538129
721,0.29570214892557,0.268393553571056,3.320197,3.31627375476449
722,0.295418957188105,0.268124152421764,3.319977,3.31602974035758
723,0.29513576545064,0.267855015807727,3.319813,3.31578586239996
724,0.294852573713176,0.26758593655643,3.31959,3.31554165502554
725,0.294569381975711,0.267317110843006,3.319424,3.31529762005943
726,0.294286190238247,0.267048291391799,3.319187,3.31505318059977
727,0.294002998500782,0.266779712758633,3.319018,3.31480892357729
728,0.293719806763318,0.266511348862802,3.318842,3.31456479231207
729,0.293436615025853,0.26624290284435,3.31858,3.31432008180481
730,0.293153423288388,0.265974739777058,3.318424,3.314075692116
731,0.292870231550924,0.265706652015639,3.318208,3.31383112087737
732,0.292587039813459,0.265438711382136,3.318013,3.31358655167782
733,0.292303848075995,0.265170855737549,3.3178,3.31334183951439
734,0.29202065633853,0.264903228126416,3.317629,3.31309733732287
735,0.291737464601066,0.264635639880743,3.317403,3.31285258780915
736,0.291454272863601,0.264368135647226,3.31719,3.31260770994183
737,0.291171081126136,0.264100657785077,3.31696,3.31236257095055
738,0.290887889388672,0.263833464136409,3.316806,3.31211780472215
739,0.290604697651207,0.263566488218239,3.316633,3.31187324173309
740,0.290321505913743,0.263299509244309,3.316395,3.31162834454087
741,0.290038314176278,0.26303281445825,3.316242,3.31138382440436
742,0.289755122438814,0.262766189745343,3.316026,3.31113915315549
743,0.289471930701349,0.262499645315978,3.315813,3.31089436425277
744,0.289188738963884,0.262233174471679,3.315598,3.31064944807886
745,0.28890554722642,0.261966907762217,3.315422,3.31040472950971
746,0.288622355488955,0.26170088385373,3.315258,3.31016029998507
747,0.288339163751491,0.261434814116206,3.315008,3.30991544930118
748,0.288055972014026,0.261168849774755,3.314803,3.3096705637412
749,0.287772780276562,0.260903093535169,3.314629,3.30942589829435
750,0.287489588539097,0.260637441045947,3.314424,3.30918119329314
751,0.287206396801633,0.260371905250915,3.314223,3.30893648507808
752,0.286923205064168,0.260106502222834,3.314027,3.30869181640354
753,0.286640013326703,0.259842654769545,3.313859,3.30843950571035
754,0.286356821589239,0.259578715639875,3.313589,3.30818064579577
755,0.286073629851774,0.259315296994061,3.313492,3.30792284309309
756,0.285790438114309,0.259051796564683,3.313225,3.30766460948878
757,0.285507246376845,0.258788525159142,3.313046,3.30740670875853
758,0.28522405463938,0.258525320357777,3.312821,3.30714873801927
759,0.284940862901916,0.258262276619745,3.312623,3.3068909297014
760,0.284657671164451,0.257999493808725,3.312454,3.30663352365097
761,0.284374479426987,0.25773675111146,3.312222,3.30637597440972
762,0.284091287689522,0.257474104441164,3.312006,3.30611842587896
763,0.283808095952058,0.257211736526011,3.311843,3.30586132687085
764,0.283524904214593,0.256949393361114,3.311607,3.30560404782853
765,0.283241712477128,0.25668728176625,3.311431,3.30534710402138
766,0.282958520739664,0.256425276327423,3.311219,3.30509018264069
767,0.282675329002199,0.256163321927507,3.310991,3.30483315223596
768,0.282392137264735,0.255901671343657,3.310837,3.30457664059307
769,0.28210894552727,0.255640148013053,3.310632,3.30432020283475
770,0.281825753789806,0.255378730881035,3.310421,3.30406379017122
771,0.281542562052341,0.255117412751154,3.310208,3.3038073887975
772,0.281259370314876,0.254856260908352,3.310015,3.30355116869677
773,0.280976178577412,0.254595196560945,3.309799,3.30329493390524
774,0.280692986839947,0.254334239701945,3.309589,3.30303873836652
775,0.280409795102483,0.254073510779711,3.309415,3.30278288320441
776,0.280126603365018,0.253812820141123,3.309185,3.30252689190516
777,0.279843411627554,0.253552275199777,3.308987,3.30227103955451
778,0.279560219890089,0.253291875002229,3.308789,3.30201532339079
779,0.279277028152624,0.253031601962034,3.308586,3.30175969955214
780,0.27899383641516,0.252771651380002,3.308442,3.30150465671689
781,0.278710644677695,0.252511602406411,3.308172,3.30124913164696
782,0.278427452940231,0.252251662235164,3.307964,3.30099366131194
783,0.278144261202766,0.251991830353881,3.307756,3.30073824575482
784,0.277861069465302,0.251732195196003,3.307575,3.30048310813261
785,0.277577877727837,0.251472649977026,3.307362,3.30022797573099
786,0.277294685990372,0.251213243627269,3.307164,3.2999729752639
787,0.277011494252908,0.250954008002114,3.306976,3.29971818676791
788,0.276728302515443,0.250694915703494,3.30678,3.29946353908841
789,0.276445110777979,0.250435691967508,3.3065,3.2992083391918
790,0.276161919040514,0.250176742600037,3.306344,3.29895363137639
791,0.27587872730305,0.249919280319078,3.306141,3.29869636791121
792,0.275595535565585,0.249661995303671,3.305948,3.29843101227235
793,0.27531234382812,0.249404818733258,3.305735,3.29816577279872
794,0.275029152090656,0.249147791456296,3.305534,3.29790074665761
795,0.274745960353191,0.248890838246726,3.305311,3.29763573947617
796,0.274462768615727,0.248634101341199,3.30513,3.29737110795506
797,0.274179576878262,0.248377420499574,3.304902,3.29710644126389
798,0.273896385140798,0.248120812880096,3.304679,3.29684178606865
799,0.273613193403333,0.247864496596637,3.304521,3.2965776932024
800,0.273330001665868,0.24760811070695,3.304256,3.29631324052921
801,0.273046809928404,0.247351980897476,3.304088,3.29604926355962
802,0.272763618190939,0.247095968200469,3.303879,3.29578540080881
803,0.272480426453475,0.246840068687752,3.303669,3.29552164326241
804,0.27219723471601,0.246584434216242,3.303505,3.29525837677128
805,0.271914042978546,0.246328771347822,3.303253,3.29499484754108
806,0.271630851241081,0.246073104440189,3.303008,3.29473112946591
807,0.271347659503617,0.245817733779529,3.302854,3.29446799465842
808,0.271064467766152,0.245562462754412,3.302641,3.29420492883597
809,0.270781276028687,0.245307120689496,3.302376,3.29394149903179
810,0.270498084291223,0.245051944540566,3.302183,3.29367832399144
811,0.270214892553758,0.244796890633993,3.301977,3.29341528703053
812,0.269931700816294,0.244541967987512,3.301774,3.2931524103546
813,0.269648509078829,0.244287127090185,3.301556,3.29288956576731
814,0.269365317341364,0.244032393614649,3.301346,3.29262682164688
815,0.2690821256039,0.243777802531764,3.301147,3.29236426822397
816,0.268798933866435,0.243523365737385,3.300952,3.29210193407995
817,0.268515742128971,0.24326912710624,3.300771,3.29183992991096
818,0.268232550391506,0.24301470323206,3.300471,3.29157726119141
819,0.267949358654042,0.242760455710497,3.300283,3.29131488478633
820,0.267666166916577,0.24250650765098,3.300134,3.29105311247313
821,0.267382975179112,0.242252550174357,3.299889,3.29079113021651
822,0.267099783441648,0.241998851295514,3.299728,3.29052964358369
823,0.266816591704183,0.24174514840392,3.299485,3.29026796018919
824,0.266533399966719,0.241491562648259,3.29928,3.2900064050648
825,0.266250208229254,0.241237878503541,3.299007,3.28974441665671
826,0.26596701649179,0.240984391128658,3.298827,3.28948277927319
827,0.265683824754325,0.240731048494732,3.298631,3.2892213485506
828,0.26540063301686,0.240477758521792,3.298406,3.28895988082036
829,0.265117441279396,0.240224602759159,3.298207,3.28869859358057
830,0.264834249541931,0.23997417891352,3.298017,3.28843788519743
831,0.264551057804467,0.239723941546064,3.297823,3.28816047578044
832,0.264267866067002,0.239473660160317,3.297561,3.28788282117095
833,0.263984674329538,0.239223508103784,3.29735,3.28760537597539
834,0.263701482592073,0.238973511542033,3.297147,3.28732820361506
835,0.263418290854608,0.238723555782293,3.29691,3.2870510034498
836,0.263135099117144,0.238473811305218,3.296724,3.28677421931405
837,0.262851907379679,0.238224086770721,3.296481,3.2864973480067
838,0.262568715642215,0.237974548639424,3.296288,3.28622082649689
839,0.26228552390475,0.237725145746148,3.29608,3.28594451575789
840,0.262002332167286,0.237475850845217,3.295864,3.28566834322442
841,0.261719140429821,0.237226689727104,3.295656,3.2853923762468
842,0.261435948692356,0.236977684472541,3.295455,3.28511667074998
843,0.261152756954892,0.236728781594489,3.295238,3.2848410843
844,0.260869565217427,0.236479912165519,3.295,3.28456543789046
845,0.260586373479963,0.236231118950576,3.294775,3.28428984878387
846,0.260303181742498,0.235982512138824,3.294584,3.28401460713203
847,0.260019990005034,0.235734051295647,3.294381,3.28373960057763
848,0.259736798267569,0.235485590124913,3.294133,3.28346444232119
849,0.259453606530105,0.235237248655953,3.293922,3.28318945606359
850,0.25917041479264,0.234989180328356,3.293759,3.28291504428873
851,0.258887223055175,0.234741046030706,3.293491,3.28264030031852
852,0.258604031317711,0.234493023282486,3.293278,3.28236570658949
853,0.258320839580246,0.234245136972131,3.293073,3.28209132755758
854,0.258037647842782,0.233997351181541,3.292857,3.28181706525419
855,0.257754456105317,0.233749605172141,3.292622,3.28154275873667
856,0.257471264367853,0.233501978383083,3.292412,3.28126862334185
857,0.257188072630388,0.233254504820472,3.292213,3.28099474751652
858,0.256904880892923,0.233007038440398,3.291968,3.28072073832406
859,0.256621689155459,0.232759733944164,3.291772,3.28044701528858
860,0.256338497417994,0.232512389418404,3.291512,3.28017303403228
861,0.25605530568053,0.232265340837757,3.291359,3.27989970287435
862,0.255772113943065,0.232018195151274,3.291081,3.27962595398682
863,0.255488922205601,0.23177115676107,3.290868,3.27935235050009
864,0.255205730468136,0.231524287193523,3.290675,3.27907905538087
865,0.254922538730671,0.231277600575119,3.290487,3.27880610056113
866,0.254639346993207,0.231030903660261,3.290237,3.2785329601542
867,0.254356155255742,0.230784249808983,3.290004,3.27825978690712
868,0.254072963518278,0.230537836253692,3.289835,3.27798711630636
869,0.253789771780813,0.23029137507624,3.289573,3.27771415931185
870,0.253506580043349,0.23004523354916,3.289345,3.27744146160111
871,0.253223388305884,0.229801992674824,3.289167,3.27715685648093
872,0.252940196568419,0.229558644109695,3.288882,3.27686842775194
873,0.252657004830955,0.229315475609955,3.288684,3.27658037667465
874,0.25237381309349,0.229072436568108,3.288471,3.27629256090991
875,0.252090621356026,0.228829467490612,3.28824,3.27600481880252
876,0.251807429618561,0.228586571645112,3.28801,3.27571716067604
877,0.251524237881097,0.228343852683217,3.287812,3.27542986521135
878,0.251241046143632,0.228101108773851,3.287552,3.27514238442606
879,0.250957854406167,0.22785846047779,3.287329,3.27485505059465
880,0.250674662668703,0.227615987750759,3.287131,3.2745680773978
881,0.250391470931238,0.227373442374078,3.286856,3.27428078904259
882,0.250108279193774,0.22713102444154,3.286643,3.27399373692181
883,0.249825087456309,0.226888882903353,3.286477,3.27370731918874
884,0.249541895718845,0.226646849610538,3.286259,3.27342106683403
885,0.24925870398138,0.226404806745811,3.286004,3.27313466060187
886,0.248975512243915,0.22616282493485,3.285771,3.27284830018889
887,0.248692320506451,0.225920967323588,3.285558,3.27256215871116
888,0.248409128768986,0.22567928659432,3.285362,3.27227637635772
889,0.248125937031522,0.225437605588331,3.28511,3.27199046379492
890,0.247842745294057,0.225195853246027,3.284835,3.27170423404346
891,0.247559553556593,0.224954340371676,3.284659,3.27141854733105
892,0.247276361819128,0.224712902728092,3.284431,3.27113294089209
893,0.246993170081663,0.224471518441115,3.284196,3.27084735563807
894,0.246709978344199,0.224230224826379,3.283973,3.27056189616572
895,0.246426786606734,0.223989006074954,3.283745,3.27027651808899
896,0.24614359486927,0.223747837374762,3.283509,3.2699911534424
897,0.245860403131805,0.223506783462755,3.283294,3.26970598264102
898,0.245577211394341,0.223265871254495,3.283088,3.26942107695805
899,0.245294019656876,0.223025010974101,3.282853,3.26913618392498
900,0.245010827919411,0.222784224129758,3.282625,3.2688513658626
901,0.244727636181947,0.222543422251922,3.282368,3.26856637829994
902,0.244444444444482,0.222302785581796,3.28217,3.26828172813533
903,0.244161252707018,0.222062176357389,3.281927,3.26799702523577
904,0.243878060969553,0.221821685726637,3.281714,3.26771252708927
905,0.243594869232089,0.221581273711083,3.281488,3.26742811892638
906,0.243311677494624,0.221340912979443,3.281253,3.26714372466001
907,0.243028485757159,0.221100735781071,3.281062,3.26685971560866
908,0.242745294019695,0.220860422906873,3.280765,3.26657519135307
909,0.24246210228223,0.220620168172072,3.280532,3.26629071132181
910,0.242178910544766,0.220380084907722,3.280337,3.26600659257005
911,0.241895718807301,0.220140043678882,3.280099,3.26572246318818
912,0.241612527069836,0.219902342087459,3.279854,3.26543529313735
913,0.241329335332372,0.219664850177676,3.279663,3.2651408812738
914,0.241046143594908,0.219427486527773,3.279447,3.26484666648767
915,0.240762951857443,0.219190022525148,3.279158,3.26455201885898
916,0.240479760119978,0.218952725788622,3.278955,3.26425770588429
917,0.240196568382514,0.21871553253716,3.278732,3.26396354716891
918,0.239913376645049,0.218478401759691,3.278496,3.26366943037171
919,0.239630184907584,0.218241345451218,3.278264,3.26337539360548
920,0.23934699317012,0.218004350983581,3.278028,3.2630814040042
921,0.239063801432655,0.217767369310936,3.277776,3.26278732658153
922,0.238780609695191,0.217530474158578,3.277548,3.26249337430203
923,0.238497417957726,0.217293725939373,3.27734,3.26219971651731
924,0.238214226220262,0.217056905035862,3.27706,3.26190572883308
925,0.237931034482797,0.216820394504308,3.276906,3.26161250465793
926,0.237647842745333,0.216583759317551,3.276609,3.26131879560457
927,0.237364651007868,0.216347260917696,3.276398,3.26102535858595
928,0.237081459270403,0.216110693992514,3.276119,3.26073160590219
929,0.236798267532939,0.215874389893146,3.27595,3.26043848869624
930,0.236515075795474,0.215637858595116,3.275618,3.26014459827042
931,0.23623188405801,0.21540149756551,3.275418,3.25985108914938
932,0.235948692320545,0.215165287466805,3.275212,3.25955789585936
933,0.235665500583081,0.214929200374155,3.274997,3.25926493187976
934,0.235382308845616,0.214693084402485,3.274731,3.25897175972926
935,0.235099117108151,0.214456884534906,3.274446,3.25867823035575
936,0.234815925370687,0.214220912142673,3.274266,3.2583852465838
937,0.234532733633222,0.213984929698756,3.274006,3.25809211278999
938,0.234249541895758,0.213748987950758,3.273763,3.25779898094744
939,0.233966350158293,0.213513101729106,3.273525,3.25750589495393
940,0.233683158420829,0.213277186300692,3.273258,3.25721261081657
941,0.233399966683364,0.213041435121667,3.273057,3.256919692639
942,0.233116774945899,0.212805791529546,3.272837,3.25662696756172
943,0.232833583208435,0.212570124261554,3.272572,3.25633405307054
944,0.23255039147097,0.21233439086672,3.272292,3.25604083370994
945,0.232267199733506,0.212098800881957,3.272084,3.25574792570345
946,0.231984007996041,0.211863281077618,3.271851,3.25545510824251
947,0.231700816258577,0.211627744924907,3.271588,3.25516212896944
948,0.231417624521112,0.2113923224653,3.27137,3.25486937176714
949,0.231134432783647,0.211156829584561,3.271088,3.25457629546392
950,0.230851241046183,0.210921465035774,3.270875,3.254283489329
951,0.230568049308718,0.210686227851096,3.270662,3.2539909433667
952,0.230284857571254,0.210450960530022,3.270394,3.25369819184716
953,0.230001665833789,0.210215820309694,3.270181,3.25340570231685
954,0.229718474096325,0.209982260569505,3.269904,3.25311404498905
955,0.22943528235886,0.209748759286011,3.269659,3.25281447782452
956,0.229152090621395,0.209515304612548,3.269411,3.25251485660776
957,0.228868898883931,0.209281865316847,3.269153,3.2522151081532
958,0.228585707146466,0.209048457720812,3.268901,3.25191529617837
959,0.228302515409002,0.20881511572981,3.268661,3.251615531021
960,0.228019323671537,0.208581893310092,3.26844,3.25131597675112
961,0.227736131934073,0.208348618668428,3.26816,3.25101613080408
962,0.227452940196608,0.208115451123325,3.267935,3.2507164737782
963,0.227169748459144,0.207882274670097,3.26767,3.25041666355747
964,0.226886556721679,0.207649152931686,3.267427,3.25011689479171
965,0.226603364984214,0.207415988376982,3.26715,3.24981688164204
966,0.22632017324675,0.20718290769421,3.266917,3.24951700600394
967,0.226036981509285,0.206949910350891,3.266684,3.24921726352142
968,0.225753789771821,0.206716967418572,3.266441,3.24891756661426
969,0.225470598034356,0.206484107159177,3.266208,3.24861799944089
970,0.225187406296891,0.206251184724523,3.265924,3.24831813135882
971,0.224904214559427,0.206018260799526,3.265661,3.24801815222064
972,0.224621022821962,0.205785553058089,3.265475,3.24771871151703
973,0.224337831084498,0.205552789306014,3.265193,3.2474189861623
974,0.224054639347033,0.205320032591171,3.264933,3.24711917370552
975,0.223771447609569,0.20508731141383,3.264683,3.24681936217899
976,0.223488255872104,0.20485463149175,3.264435,3.24651956904205
977,0.223205064134639,0.204622048683273,3.264207,3.24621996106831
978,0.222921872397175,0.20438940364706,3.263922,3.24592005764941
979,0.22263868065971,0.204156747721466,3.263655,3.2456200216897
980,0.222355488922246,0.203924223009108,3.263439,3.2453202824427
981,0.222072297184781,0.203691701144329,3.263177,3.24502044654609
982,0.221789105447317,0.203459119113049,3.262892,3.24472032845226
983,0.221505913709852,0.203226593945878,3.262649,3.24442028810865
984,0.221222721972387,0.202994188744654,3.262429,3.24412051272706
985,0.220939530234923,0.202761702165259,3.262136,3.24382038856481
986,0.220656338497458,0.202529280937194,3.261896,3.24352036884317
987,0.220373146759994,0.202296971273714,3.261673,3.24322058991184
988,0.220089955022529,0.202064584028794,3.261381,3.24292047377978
989,0.219806763285065,0.201832262296005,3.261141,3.24262046396019
990,0.2195235715476,0.201599856260725,3.260846,3.242320103459
991,0.219240379810135,0.201367562792927,3.260623,3.2420199992592
992,0.218957188072671,0.201135294370603,3.260368,3.24171987762135
993,0.218673996335206,0.200903118766163,3.260138,3.24141994540346
994,0.218390804597742,0.200670851911765,3.25984,3.24111963773277
995,0.218107612860277,0.200438597702602,3.25958,3.24081928249504
996,0.217824421122813,0.200206302701828,3.2593,3.24051871750112
997,0.217541229385348,0.199975764427773,3.25906,3.24021926855691
998,0.217258037647883,0.199745338623708,3.25883,3.23991238559308
999,0.216974845910419,0.199514726619478,3.258493,3.23960478779319
1000,0.216691654172954,0.199284271029189,3.25828,3.23929754820556
1001,0.21640846243549,0.199053812449355,3.25801,3.23899018003329
1002,0.216125270698025,0.198823331302602,3.257733,3.2386826345889
1003,0.215842078960561,0.198592975572423,3.25751,3.23837537313575
1004,0.215558887223096,0.198362615322099,3.25724,3.23806799515272
1005,0.215275695485631,0.198132250782669,3.25697,3.23776050852285
1006,0.214992503748167,0.197901974806079,3.256734,3.23745320292017
1007,0.214709312010702,0.197671634543414,3.256442,3.23714560721265
1008,0.214426120273238,0.197441377536486,3.256204,3.23683818369904
1009,0.214142928535773,0.197211165311221,3.255952,3.23653081026547
1010,0.213859736798309,0.196980995068943,3.255699,3.23622347821964
1011,0.213576545060844,0.196750740122252,3.255399,3.23591579801505
1012,0.213293353323379,0.196520490702276,3.255132,3.23560805809767
1013,0.213010161585915,0.196290239147681,3.254862,3.23530023603859
1014,0.21272696984845,0.196060098446871,3.254634,3.23499268227119
1015,0.212443778110986,0.195829910004974,3.254347,3.23468489894263
1016,0.212160586373521,0.195599658857991,3.254054,3.2343768467124
1017,0.211877394636057,0.19536943409472,3.253794,3.23406880838628
1018,0.211594202898592,0.195139222559202,3.253529,3.23376074152979
1019,0.211311011161127,0.194909024544026,3.253264,3.23345264698699
1020,0.211027819423663,0.194678827098121,3.252994,3.23314448459725
1021,0.210744627686198,0.194448577803961,3.252704,3.23283609265481
1022,0.210461435948734,0.194218377948573,3.252452,3.23252779205724
1023,0.210178244211269,0.193988166822551,3.252177,3.23221938974911
1024,0.209895052473805,0.193757866151525,3.251872,3.23191064374828
1025,0.20961186073634,0.193527653150312,3.251634,3.23160211600283
1026,0.209328668998876,0.19329738581912,3.251342,3.23129335465308
1027,0.209045477261411,0.193067109635537,3.251067,3.23098450785518
1028,0.208762285523946,0.192836929448394,3.250832,3.23067590500421
1029,0.208479093786482,0.192606753413392,3.250562,3.23036725004365
1030,0.208195902049017,0.192376652072434,3.250319,3.23005876582499
1031,0.207912710311553,0.192146381107666,3.249982,3.22974967985247
1032,0.207629518574088,0.191916232931554,3.249757,3.22944092902183
1033,0.207346326836624,0.191685994543796,3.24945,3.22913183146574
1034,0.207063135099159,0.191455876391017,3.249224,3.22882305987839
1035,0.206779943361694,0.19122566883977,3.248917,3.22851394241506
1036,0.20649675162423,0.190995481302627,3.248652,3.22820483442207
1037,0.206213559886765,0.190765239495931,3.248358,3.22789549960869
1038,0.205930368149301,0.190534993096828,3.248083,3.22758610059693
1039,0.205647176411836,0.190304786002805,3.247825,3.22727677660274
1040,0.205363984674372,0.190074569620248,3.247548,3.22696737001927
1041,0.205080792936907,0.189846087942941,3.247293,3.2266543647313
1042,0.204797601199442,0.189617507172112,3.246973,3.22633817031686
1043,0.204514409461978,0.189389039789722,3.246735,3.22602219501918
1044,0.204231217724513,0.189160566953127,3.246453,3.22570607166193
1045,0.203948025987049,0.188931956515791,3.246121,3.22538939873618
1046,0.203664834249584,0.188703349714616,3.245843,3.2250726472742
1047,0.20338164251212,0.188474761398583,3.245571,3.2247558714915
1048,0.203098450774655,0.188246183140974,3.245296,3.22443904910219
1049,0.20281525903719,0.188017674242222,3.245044,3.22412237257869
1050,0.202532067299726,0.187789024264986,3.244711,3.22380517147697
1051,0.202248875562261,0.187560418300921,3.244449,3.2234880512973
1052,0.201965683824797,0.187331732221288,3.244139,3.22317061435723
1053,0.201682492087332,0.187103008326085,3.243845,3.22285300441141
1054,0.201399300349868,0.186874334614843,3.243585,3.22253550591802
1055,0.201116108612403,0.186645697937104,3.24332,3.22221807234394
1056,0.200832916874938,0.186416962494033,3.243002,3.22190026714595
1057,0.200549725137474,0.186188170607289,3.2427,3.2215822358456
1058,0.200266533400009,0.185959481346835,3.24246,3.22126449260461
1059,0.199983341662545,0.185730850551213,3.242203,3.2209468856859
1060,0.19970014992508,0.18550204152671,3.241853,3.22062865115785
1061,0.199416958187616,0.185273335706164,3.241613,3.22031071085922
1062,0.199133766450151,0.185044575202872,3.241311,3.21999254643443
1063,0.198850574712686,0.18481590506389,3.241066,3.21967463041987
1064,0.198567382975222,0.184587185779569,3.240766,3.21935650494772
1065,0.198284191237757,0.184358337627098,3.240434,3.21903791866771
1066,0.198000999500293,0.184129510768191,3.240161,3.21871936832791
1067,0.197717807762828,0.183900783087408,3.239919,3.21840110199958
1068,0.197434616025363,0.183671810412036,3.23954,3.21808199658289
1069,0.197151424287899,0.183442861038637,3.239267,3.21776294403776
1070,0.196868232550434,0.183213954962174,3.239002,3.21744400399685
1071,0.19658504081297,0.182984999721924,3.2387,3.21712487076108
1072,0.196301849075505,0.182756155481053,3.238462,3.21680606826581
1073,0.196018657338041,0.182527224961036,3.238145,3.21648694402029
1074,0.195735465600576,0.182298216879897,3.237831,3.21616753525791
1075,0.195452273863111,0.182069283481398,3.237578,3.2158483441938
1076,0.195169082125647,0.181840204139743,3.237236,3.21552864324794
1077,0.194885890388182,0.181611232572284,3.236996,3.21520927353796
1078,0.194602698650718,0.181382252014667,3.236709,3.21488984153271
1079,0.194319506913253,0.181153164436174,3.236382,3.21457002775187
1080,0.194036315175789,0.180923983590799,3.23606,3.21424988704783
1081,0.193753123438324,0.180694838305597,3.23579,3.21392984810223
1082,0.19346993170086,0.180465684366366,3.235502,3.21360975989646
1083,0.193186739963395,0.180236434125892,3.235178,3.21328933427138
1084,0.19290354822593,0.180007959931903,3.234891,3.21296982077916
1085,0.192620356488466,0.179780007478041,3.234611,3.21264772308635
1086,0.192337164751001,0.179556883697574,3.234301,3.21231296965154
1087,0.192053973013537,0.179337332206956,3.234029,3.21196794862183
1088,0.191770781276072,0.179120169533435,3.233689,3.21161414686076
1089,0.191487589538608,0.178904912136305,3.233427,3.21125387655239
1090,0.191204397801143,0.178690882717714,3.233112,3.21088787028977
1091,0.190921206063678,0.178477679149117,3.232788,3.21051706847931
1092,0.190638014326214,0.178265122701798,3.232493,3.21014262680706
1093,0.190354822588749,0.178053066538032,3.232213,3.20976541706467
1094,0.190071630851285,0.177841364430251,3.231931,3.20938601489055
1095,0.18978843911382,0.177629865459447,3.231633,3.20900475012915
1096,0.189505247376356,0.177418400901936,3.231304,3.20862171647018
1097,0.189222055638891,0.177207021087461,3.231007,3.208237577681
1098,0.188938863901426,0.176995587158675,3.230677,3.20785226621701
1099,0.188655672163962,0.176784270844557,3.23041,3.20746663968724
1100,0.188372480426497,0.176572836655924,3.230073,3.20708015185315
1101,0.188089288689033,0.17636159485253,3.22984,3.20669399280664
1102,0.187806096951568,0.176150132460857,3.229476,3.20630693318984
1103,0.187522905214104,0.175938704598511,3.229196,3.20591991951679
1104,0.187239713476639,0.175727091557739,3.228845,3.20553230200644
1105,0.186956521739174,0.175515343293844,3.22851,3.20514430927419
1106,0.18667333000171,0.175303762922613,3.228275,3.2047569809499
1107,0.186390138264245,0.175092116207333,3.227963,3.20436955955661
1108,0.186106946526781,0.174880306168549,3.227618,3.20398174854599
1109,0.185823754789316,0.174668434864641,3.227306,3.20359390674131
1110,0.185540563051852,0.174456673589835,3.227051,3.20320660867506
1111,0.185257371314387,0.174244847426421,3.226737,3.20281926890998
1112,0.184974179576922,0.17403278239557,3.226363,3.20243131568465
1113,0.184690987839458,0.173820780270403,3.22609,3.20204376478093
1114,0.184407796101993,0.173608663392287,3.225756,3.2016560145835
1115,0.184124604364529,0.173396583721057,3.225473,3.2012685731847
1116,0.183841412627064,0.17318433644752,3.225119,3.2008807474022
1117,0.183558220889599,0.172972119521994,3.224832,3.20049320329943
1118,0.183275029152135,0.17275982758409,3.224508,3.20010557726909
1119,0.18299183741467,0.172547431954748,3.224173,3.19971777064315
1120,0.182708645677206,0.172334995929402,3.223859,3.19932999465088
1121,0.182425453939741,0.17212251888489,3.223544,3.19894224073747
1122,0.182142262202277,0.171910173252387,3.223289,3.19855508287197
1123,0.181859070464812,0.171697593721226,3.222905,3.19816727170677
1124,0.181575878727347,0.171485140607166,3.222647,3.19778003384421
1125,0.181292686989883,0.171272585903218,3.222308,3.19739258009229
1126,0.181009495252418,0.171060050258159,3.222011,3.19700531950429
1127,0.180726303514954,0.170847367439459,3.221654,3.19661767959115
1128,0.180443111777489,0.170634652413179,3.221337,3.19623005455198
1129,0.180159920040025,0.170421915384215,3.221023,3.19584247289574
1130,0.17987672830256,0.170209188453591,3.22072,3.19545503730979
1131,0.179593536565095,0.17,3.220403,3.19505436753797
1132,0.179310344827631,0.17,3.220059,3.19492675254019
1133,0.179027153090166,0.17,3.219697,3.19482862531257
1134,0.178743961352702,0.17,3.219437,3.19475256915041
1135,0.178460769615237,0.17,3.219105,3.19469225855497
1136,0.178177577877773,0.17,3.218736,3.1946431032824
1137,0.177894386140308,0.17,3.218464,3.19460234868587
1138,0.177611194402844,0.17,3.218139,3.19456731482542
1139,0.177328002665379,0.17,3.21779,3.19453612575153
1140,0.177044810927914,0.17,3.217458,3.19450759036431
1141,0.17676161919045,0.17,3.217169,3.19448098953289
1142,0.176478427452985,0.17,3.216819,3.1944553259811
1143,0.176195235715521,0.17,3.216477,3.19443015644975
1144,0.175912043978056,0.17,3.216136,3.19440513656405
1145,0.175628852240592,0.17,3.215848,3.19438028249664
1146,0.175345660503127,0.17,3.215507,3.19435513668819
1147,0.175062468765662,0.17,3.215207,3.19432978463322
1148,0.174779277028198,0.17,3.214865,3.19430392188338
1149,0.174496085290733,0.17,3.214486,3.1942773113969
1150,0.174212893553269,0.17,3.214154,3.19425016810903
1151,0.173929701815804,0.17,3.213857,3.19422264525813
1152,0.17364651007834,0.17,3.21348,3.19419431985139
1153,0.173363318340875,0.17,3.213168,3.19416553002816
1154,0.17308012660341,0.17,3.212821,3.19413609574384
1155,0.172796934865946,0.17,3.212487,3.19410609355602
1156,0.172513743128481,0.17,3.21219,3.1940757186378
1157,0.172230551391017,0.17,3.211808,3.19404454432285
1158,0.171947359653552,0.17,3.211487,3.19401290575745
1159,0.171664167916088,0.17,3.211123,3.19398059532212
1160,0.171380976178623,0.17,3.210751,3.19394759545306
1161,0.171097784441158,0.17,3.210439,3.19391423150839
1162,0.170814592703694,0.17,3.210166,3.19388070386089
1163,0.170531400966229,0.17,3.209777,3.19384642355372
1164,0.170248209228765,0.17,3.209436,3.19381166426351
